student_ID,program_number_in_progression_database,program_number_in_students_attributes_database,entry_year,entry_semester,gender,finished,in_time,in_time_with_pauses,incomplete_data,chilean,preference,entry_ranking,special_access,high_school_graduation_year,admission_type,high_school_grades_normalized,high_school_rank,score_in_language_admission_test,score_in_math_admission_test,score_in_social_sciences_admission_test,score_in_natural_sciences_admission_test,high_school_plan_type,region,district,city,high_school_type_program,high_school_type_funding
FING-19416,1353,,2012,1,2,False,False,False,False,,,,,,,,,,,,,,,,,,
FING-25361,1353,,2012,1,2,True,False,False,False,,,,,,,,,,,,,,,,,,
FING-25021,1353,,2012,1,2,True,False,False,False,,,,,,,,,,,,,,,,,,
FING-24110,1353,,2012,1,1,False,False,False,False,,,,,,,,,,,,,,,,,,
FING-17705,1353,,2012,1,2,False,False,False,False,,,,,,,,,,,,,,,,,,
FING-23051,1353,,2012,1,2,False,False,False,False,,,,,,,,,,,,,,,,,,
FING-22773,1353,,2012,1,2,False,False,False,False,,,,,,,,,,,,,,,,,,
FING-15473,1353,,2012,1,2,False,False,False,False,,,,,,,,,,,,,,,,,,
FING-16423,1353,1353.0,2013,1,2,False,False,False,False,1.0,1.0,1.0,,2004.0,1,0.85,0.85,0.79,0.86,,0.93,,13,72,114,0,2
FING-24325,1353,1353.0,2013,1,2,False,False,False,False,1.0,1.0,37.0,1,2012.0,1,0.68,0.76,0.78,0.77,,0.73,,13,106,0,0,4
FING-21804,1353,1353.0,2013,1,1,False,False,False,False,1.0,1.0,21.0,,2011.0,1,0.8,0.89,0.73,0.77,,0.56,,13,102,114,0,3
FING-21509,1353,,2013,1,2,True,False,False,False,,,,,,,,,,,,,,,,,,
FING-1532,1353,,2013,1,2,False,False,False,False,,,,,,,,,,,,,,,,,,
FING-24332,1353,,2013,1,2,False,False,False,False,,,,,,,,,,,,,,,,,,
FING-16811,1353,,2013,1,2,False,False,False,False,,,,,,,,,,,,,,,,,,
FING-24583,1353,1353.0,2013,1,2,True,False,False,False,1.0,1.0,17.0,,2011.0,1,0.78,0.86,0.73,0.73,,0.72,,13,113,79,0,3
FING-10658,1353,1363.0,2013,1,2,False,False,False,False,1.0,2.0,12.0,1,2012.0,1,0.8,0.98,0.75,0.69,,0.51,,13,84,114,5,3
FING-24853,1353,1353.0,2013,1,2,False,False,False,False,1.0,1.0,11.0,,2007.0,1,0.73,0.73,0.84,0.79,,0.77,,13,102,114,0,3
FING-20364,1353,1353.0,2013,1,2,False,False,False,False,1.0,2.0,29.0,,2010.0,1,0.75,0.86,0.73,0.77,0.66,0.61,,13,92,61,5,3
FING-22200,1353,1353.0,2013,1,2,True,False,False,False,1.0,2.0,44.0,,2011.0,1,0.75,0.88,0.76,0.7,0.72,0.66,,13,95,85,5,3
FING-16693,1353,1363.0,2013,1,2,True,False,False,False,1.0,1.0,32.0,1,2012.0,1,0.8,0.87,0.73,0.77,,0.69,,13,90,114,0,3
FING-17758,1353,,2013,1,1,False,False,False,False,,,,,,,,,,,,,,,,,,
FING-17998,1353,1363.0,2013,1,2,False,False,False,False,1.0,1.0,93.0,,2012.0,1,0.7,0.7,0.72,0.78,,0.8,,13,75,114,0,2
FING-21465,1353,1353.0,2013,1,2,False,False,False,False,1.0,3.0,1.0,1,2012.0,1,0.88,0.88,0.61,0.68,0.53,0.57,,13,108,8,0,3
FING-23852,1353,,2012,1,2,False,False,False,False,,,,,,,,,,,,,,,,,,
FING-25500,1353,,2012,1,2,False,False,False,False,,,,,,,,,,,,,,,,,,
FING-27990,1353,1353.0,2013,1,2,False,False,False,False,1.0,3.0,5.0,1,2012.0,1,0.78,0.89,0.64,0.7,0.48,0.53,,13,98,92,5,3
FING-23841,1353,1353.0,2013,1,2,False,False,False,False,1.0,1.0,10.0,,2009.0,1,0.73,0.73,0.78,0.8,,0.79,,13,79,114,0,2
FING-3985,1353,1353.0,2013,1,2,False,False,False,False,1.0,1.0,40.0,,2011.0,1,0.75,0.78,0.62,0.72,,0.76,,6,24,42,0,4
FING-19464,1353,1363.0,2013,1,2,False,False,False,False,1.0,1.0,16.0,1,2012.0,2,0.83,0.86,0.75,0.8,0.62,0.69,,13,105,100,0,3
FING-24758,1353,1363.0,2013,1,2,False,False,False,False,1.0,2.0,7.0,1,2012.0,1,0.78,0.84,0.75,0.71,0.75,0.63,,13,102,114,0,3
FING-17495,1353,1363.0,2013,1,2,False,False,False,False,1.0,3.0,27.0,,2012.0,1,0.75,0.82,0.75,0.81,,0.74,,13,78,114,0,3
FING-16868,1353,,2013,1,2,False,False,False,False,,,,,,,,,,,,,,,,,,
FING-25965,1353,,2013,2,2,True,True,False,False,,,,,,,,,,,,,,,,,,
FING-23404,1353,,2012,1,2,True,True,True,False,,,,,,,,,,,,,,,,,,
FING-16810,1353,,2012,1,2,True,False,False,False,,,,,,,,,,,,,,,,,,
FING-15462,1353,,2012,1,2,True,False,True,False,,,,,,,,,,,,,,,,,,
FING-22424,1353,,2012,1,2,False,False,False,False,,,,,,,,,,,,,,,,,,
FING-19516,1353,,2012,1,2,False,False,False,False,,,,,,,,,,,,,,,,,,
FING-1775,1353,,2012,2,2,False,False,False,False,,,,,,,,,,,,,,,,,,
FING-21750,1353,,2012,1,2,False,False,False,False,,,,,,,,,,,,,,,,,,
FING-1799,1353,,2014,2,2,True,True,False,False,,,,,,,,,,,,,,,,,,
FING-1802,1353,,2014,2,2,False,False,False,False,,,,,,,,,,,,,,,,,,
FING-17600,1353,1353.0,2013,1,2,False,False,False,False,1.0,1.0,30.0,,2011.0,1,0.7,0.7,0.73,0.76,,0.76,,13,93,114,0,2
FING-20914,1353,,2013,1,2,True,True,True,False,,,,,,,,,,,,,,,,,,
FING-16399,1353,1353.0,2013,1,2,False,False,False,False,1.0,1.0,2.0,1,2012.0,1,0.78,0.82,0.63,0.72,,0.6,,6,37,110,0,4
FING-16742,1353,,2013,1,2,True,False,False,False,,,,,,,,,,,,,,,,,,
FING-16134,1353,,2013,1,1,False,False,False,False,,,,,,,,,,,,,,,,,,
FING-25910,1353,,2013,2,2,True,True,True,False,,,,,,,,,,,,,,,,,,
FING-20399,1353,,2013,1,2,False,False,False,False,,,,,,,,,,,,,,,,,,
FING-24950,1353,1353.0,2013,1,1,True,True,True,False,1.0,1.0,39.0,,2009.0,1,0.7,0.74,0.69,0.78,,0.72,,13,80,114,0,3
FING-10656,1353,1353.0,2013,1,2,False,False,False,False,1.0,3.0,28.0,,2009.0,1,0.68,0.68,0.76,0.79,0.78,0.76,,13,88,114,0,4
FING-17766,1353,,2012,1,2,True,False,False,False,,,,,,,,,,,,,,,,,,
FING-24720,1353,,2012,1,2,False,False,False,False,,,,,,,,,,,,,,,,,,
FING-674,1353,1353.0,2014,1,2,False,False,False,False,1.0,1.0,1.0,,2011.0,1,0.75,0.95,0.74,0.75,,0.77,,13,91,127,5,3
FING-665,1353,1353.0,2014,1,2,False,False,False,False,1.0,1.0,11.0,,2012.0,1,0.77,0.83,0.72,0.77,,0.81,,13,84,114,0,4
FING-4313,1353,,2015,1,2,True,True,False,False,,,,,,,,,,,,,,,,,,
FING-673,1353,,2014,1,2,False,False,False,False,,,,,,,,,,,,,,,,,,
FING-17324,1353,1353.0,2013,1,2,True,False,False,False,1.0,1.0,2.0,,2011.0,1,0.9,0.97,0.69,0.78,,0.73,,6,29,135,0,4
FING-25074,1353,1353.0,2013,1,2,True,False,False,False,1.0,1.0,27.0,,2012.0,1,0.75,0.77,0.64,0.77,,0.71,,13,107,126,0,2
FING-12477,1353,1363.0,2013,1,2,False,False,False,False,1.0,2.0,106.0,,2012.0,1,0.73,0.81,0.72,0.75,,0.74,,13,68,114,0,3
FING-1784,1353,,2014,1,1,True,False,True,False,,,,,,,,,,,,,,,,,,
FING-17602,1353,1353.0,2013,1,1,False,False,False,False,1.0,1.0,19.0,,2010.0,1,0.85,0.96,0.72,0.68,0.71,0.62,,13,105,100,0,4
FING-19613,1353,1363.0,2013,1,1,True,False,False,False,1.0,1.0,88.0,1,2012.0,1,0.8,0.98,0.69,0.73,,0.6,,13,105,100,0,3
FING-4309,1353,,2015,1,2,True,True,False,False,,,,,,,,,,,,,,,,,,
FING-3452,1353,1353.0,2015,1,2,False,False,False,False,1.0,3.0,29.0,,2013.0,1,0.77,0.86,0.67,0.73,,0.7,1,13,98,114,0,4
FING-3438,1353,1353.0,2015,1,2,True,False,False,False,1.0,1.0,21.0,,2014.0,1,0.75,0.8,0.71,0.8,,0.75,1,13,95,85,0,4
FING-3423,1353,1353.0,2015,1,2,False,False,False,False,1.0,2.0,40.0,1,2014.0,1,0.76,0.85,0.67,0.71,,0.72,1,13,87,114,0,3
FING-3967,1353,1353.0,2015,1,2,False,False,False,False,1.0,1.0,30.0,,2014.0,1,0.77,0.82,0.79,0.74,0.62,0.68,1,6,33,54,0,3
FING-3422,1353,1353.0,2015,1,2,True,False,False,False,1.0,2.0,20.0,,2014.0,1,0.77,0.88,0.77,0.72,,0.63,1,13,92,62,0,4
FING-3449,1353,1353.0,2015,1,2,False,False,False,False,1.0,1.0,38.0,1,2014.0,1,0.8,0.89,0.62,0.7,,0.62,2,13,90,114,0,3
FING-3442,1353,1353.0,2015,1,2,False,False,False,False,1.0,1.0,8.0,1,2014.0,1,0.81,0.92,0.75,0.8,,0.75,1,13,112,131,0,3
FING-26111,1353,,2014,2,2,False,False,False,False,,,,,,,,,,,,,,,,,,
FING-25663,1353,,2015,2,2,False,False,False,False,,,,,,,,,,,,,,,,,,
FING-684,1353,1353.0,2014,1,2,True,False,False,False,1.0,2.0,41.0,,2012.0,1,0.71,0.75,0.72,0.79,,0.77,,13,99,114,0,3
FING-4326,1353,,2015,2,2,True,False,False,False,,,,,,,,,,,,,,,,,,
FING-153,1353,,2016,2,2,False,False,False,False,,,,,,,,,,,,,,,,,,
FING-217,1353,,2016,2,2,True,True,False,False,,,,,,,,,,,,,,,,,,
FING-27464,1353,,2016,2,2,False,False,False,False,,,,,,,,,,,,,,,,,,
FING-3435,1353,,2015,1,2,True,False,False,False,,,,,,,,,,,,,,,,,,
FING-18672,1353,,2016,1,2,False,False,False,False,,,,,,,,,,,,,,,,,,
FING-1776,1353,,2014,1,2,True,False,False,False,,,,,,,,,,,,,,,,,,
FING-1288,1353,,2016,2,2,True,False,False,False,,,,,,,,,,,,,,,,,,
FING-4316,1353,,2015,1,2,True,False,False,False,,,,,,,,,,,,,,,,,,
FING-4315,1353,,2015,1,2,True,False,False,False,,,,,,,,,,,,,,,,,,
FING-158,1353,1353.0,2015,1,2,False,False,False,False,1.0,2.0,31.0,,2013.0,1,0.78,0.82,0.66,0.75,0.68,0.76,1,13,92,114,0,3
FING-3448,1353,1353.0,2015,1,2,False,False,False,False,1.0,3.0,46.0,1,2014.0,1,0.79,0.83,0.62,0.77,,0.61,1,13,67,73,0,3
FING-3427,1353,1353.0,2015,1,2,True,True,True,False,1.0,3.0,35.0,,2014.0,1,0.75,0.75,0.82,0.79,,0.78,1,13,76,114,0,2
FING-3443,1353,1353.0,2015,1,2,True,False,False,False,1.0,1.0,6.0,1,2014.0,1,0.87,1.0,0.76,0.7,,0.75,3,13,103,36,7,3
FING-3780,1353,,2016,2,2,True,True,False,False,,,,,,,,,,,,,,,,,,
FING-1472,1353,,2017,1,2,False,False,False,False,,,,,,,,,,,,,,,,,,
FING-191,1353,,2017,1,2,False,False,False,False,,,,,,,,,,,,,,,,,,
FING-25262,1353,1363.0,2013,1,2,True,False,False,False,1.0,3.0,83.0,,2012.0,1,0.73,0.79,0.68,0.8,,0.73,,13,80,114,0,3
FING-668,1353,1353.0,2014,1,2,True,False,False,False,1.0,2.0,26.0,,2013.0,1,0.67,0.96,0.61,0.63,0.62,0.62,,13,98,114,5,3
FING-165,1353,,2017,1,2,True,True,False,False,,,,,,,,,,,,,,,,,,
FING-685,1353,1353.0,2014,1,1,True,False,False,False,1.0,1.0,3.0,1,2013.0,2,0.83,0.94,0.71,0.72,,0.61,,13,71,114,0,3
FING-692,1353,1353.0,2014,1,2,False,False,False,False,1.0,3.0,42.0,,2013.0,1,0.77,0.88,0.58,0.71,,0.58,,13,69,114,0,3
FING-219,1353,,2016,1,2,True,True,False,False,,,,,,,,,,,,,,,,,,
FING-3754,1353,,2016,1,2,True,False,False,False,,,,,,,,,,,,,,,,,,
FING-3431,1353,1353.0,2015,1,2,False,False,False,False,1.0,1.0,17.0,,2014.0,1,0.73,0.76,0.82,0.85,0.73,0.77,2,13,92,114,0,3
FING-16573,1353,,2016,1,2,False,False,False,False,,,,,,,,,,,,,,,,,,
FING-682,1353,1353.0,2014,1,2,True,False,False,False,1.0,5.0,29.0,,2013.0,1,0.75,0.77,0.71,0.79,0.74,0.74,,13,94,114,0,2
FING-1789,1353,1353.0,2014,1,2,True,False,False,False,1.0,2.0,99.0,1,2013.0,2,0.73,0.81,0.63,0.71,,0.63,,13,112,114,0,3
FING-687,1353,1353.0,2014,1,2,False,False,False,False,1.0,2.0,31.0,,2013.0,1,0.77,0.84,0.58,0.76,0.58,0.64,,13,90,114,0,4
FING-3428,1353,1353.0,2015,1,1,True,False,True,False,1.0,2.0,43.0,1,2014.0,1,0.77,0.85,0.71,0.71,0.7,0.67,2,13,102,88,0,3
FING-24675,1353,,2016,1,2,False,False,False,False,,,,,,,,,,,,,,,,,,
FING-775,1353,,2016,1,2,False,False,False,False,,,,,,,,,,,,,,,,,,
FING-1794,1353,,2014,2,2,True,True,True,False,,,,,,,,,,,,,,,,,,
FING-1530,1353,,2016,1,2,True,True,False,False,,,,,,,,,,,,,,,,,,
FING-1800,1353,,2014,2,2,True,False,False,False,,,,,,,,,,,,,,,,,,
FING-26483,1353,,2015,2,2,True,True,False,False,,,,,,,,,,,,,,,,,,
FING-22145,1353,,2013,1,2,False,False,False,False,,,,,,,,,,,,,,,,,,
FING-25742,1353,,2016,2,2,True,True,False,False,,,,,,,,,,,,,,,,,,
FING-23879,1353,,2016,1,2,True,True,False,False,,,,,,,,,,,,,,,,,,
FING-686,1353,1353.0,2014,1,2,True,False,False,False,1.0,1.0,20.0,,2013.0,1,0.78,0.85,0.7,0.72,0.71,0.66,,13,76,114,0,3
FING-1121,1353,,2015,1,2,True,True,False,False,,,,,,,,,,,,,,,,,,
FING-3453,1353,1353.0,2015,1,2,True,True,True,False,1.0,1.0,4.0,1,2014.0,1,0.9,1.0,0.77,0.73,,0.65,3,13,87,114,5,4
FING-21449,1353,,2017,1,2,True,True,False,False,,,,,,,,,,,,,,,,,,
FING-25448,1353,,2016,1,2,True,True,False,False,,,,,,,,,,,,,,,,,,
FING-26663,1353,,2016,2,2,False,False,False,False,,,,,,,,,,,,,,,,,,
FING-21251,1353,,2016,1,2,False,False,False,False,,,,,,,,,,,,,,,,,,
FING-16879,1353,1353.0,2013,1,2,True,False,False,False,1.0,1.0,9.0,1,2012.0,1,0.83,1.0,0.71,0.71,,0.69,,13,67,114,0,3
FING-695,1353,1353.0,2014,1,2,True,True,True,False,1.0,1.0,10.0,,2013.0,8,0.78,0.86,0.74,0.75,,0.78,,13,102,88,0,3
FING-199,1353,,2016,1,2,False,False,False,False,,,,,,,,,,,,,,,,,,
FING-663,1353,,2014,1,2,False,False,False,False,,,,,,,,,,,,,,,,,,
FING-17318,1353,,2016,1,2,True,True,False,False,,,,,,,,,,,,,,,,,,
FING-16507,1353,,2017,1,2,True,True,False,False,,,,,,,,,,,,,,,,,,
FING-4307,1353,,2015,1,2,True,False,False,False,,,,,,,,,,,,,,,,,,
FING-766,1353,,2015,1,2,True,True,True,False,,,,,,,,,,,,,,,,,,
FING-22372,1353,,2016,1,2,False,False,False,False,,,,,,,,,,,,,,,,,,
FING-23970,1353,,2016,1,2,False,False,False,False,,,,,,,,,,,,,,,,,,
FING-25991,1353,,2015,2,2,False,False,False,False,,,,,,,,,,,,,,,,,,
FING-3433,1353,1353.0,2015,1,2,True,True,True,False,1.0,1.0,12.0,,2011.0,1,0.79,0.83,0.8,0.81,,0.73,1,13,68,114,0,3
FING-27570,1353,,2016,2,2,False,False,False,False,,,,,,,,,,,,,,,,,,
FING-20103,1353,,2017,1,2,True,True,False,False,,,,,,,,,,,,,,,,,,
FING-25875,1353,,2016,2,1,True,True,False,False,,,,,,,,,,,,,,,,,,
FING-18676,1353,,2016,1,2,True,True,False,False,,,,,,,,,,,,,,,,,,
FING-27748,1353,,2016,2,2,True,True,False,False,,,,,,,,,,,,,,,,,,
FING-16907,1353,,2016,1,2,True,True,False,False,,,,,,,,,,,,,,,,,,
FING-3421,1353,,2015,1,2,True,False,False,False,,,,,,,,,,,,,,,,,,
FING-691,1353,1353.0,2014,1,2,True,False,False,False,1.0,2.0,40.0,,2013.0,2,0.74,0.81,0.69,0.73,,0.69,,13,67,114,0,2
FING-3418,1353,1353.0,2015,1,2,True,True,True,False,1.0,1.0,1.0,,2014.0,1,0.87,1.0,0.84,0.98,,0.84,2,13,89,114,0,3
FING-697,1353,1363.0,2014,1,1,True,False,False,False,1.0,2.0,105.0,,2013.0,1,0.78,0.82,0.72,0.75,,0.69,,13,92,114,0,4
FING-677,1353,1353.0,2014,1,2,False,False,False,False,1.0,1.0,12.0,1,2013.0,2,0.8,0.87,0.63,0.78,0.6,0.67,,13,85,114,0,3
FING-22769,1353,,2016,1,2,False,False,False,False,,,,,,,,,,,,,,,,,,
FING-25964,1353,,2015,2,2,True,True,False,False,,,,,,,,,,,,,,,,,,
FING-25569,1353,,2016,2,2,True,True,False,False,,,,,,,,,,,,,,,,,,
FING-24989,1353,,2016,1,1,True,True,False,False,,,,,,,,,,,,,,,,,,
FING-24277,1353,1363.0,2013,1,2,True,False,False,False,1.0,1.0,6.0,,2011.0,7,0.88,1.0,0.76,0.75,,0.72,,13,102,114,0,3
FING-690,1353,,2014,1,2,True,False,False,False,,,,,,,,,,,,,,,,,,
FING-4317,1353,,2015,1,1,True,True,False,False,,,,,,,,,,,,,,,,,,
FING-1796,1353,,2014,2,2,True,True,False,False,,,,,,,,,,,,,,,,,,
FING-4311,1353,,2015,1,2,True,True,False,False,,,,,,,,,,,,,,,,,,
FING-26327,1353,,2015,2,1,True,False,False,False,,,,,,,,,,,,,,,,,,
FING-214,1353,,2017,1,2,True,True,False,False,,,,,,,,,,,,,,,,,,
FING-3817,1353,1353.0,2016,1,2,True,True,True,False,1.0,2.0,18.0,,2014.0,1,0.75,0.87,0.75,0.76,0.77,0.61,3,13,102,88,4,3
FING-5745,1353,1353.0,2016,1,2,True,False,False,False,1.0,4.0,39.0,,2015.0,1,0.73,0.74,0.77,0.81,,0.78,1,13,95,114,0,2
FING-5738,1353,,2016,1,2,False,False,False,False,,,,,,,,,,,,,,,,,,
FING-6489,1353,1353.0,2016,1,2,False,False,False,False,1.0,1.0,33.0,,2013.0,1,0.72,0.74,0.77,0.83,0.71,0.75,1,13,93,114,0,3
FING-5753,1353,1353.0,2016,1,2,False,False,False,False,1.0,1.0,28.0,,2015.0,1,0.74,0.84,0.7,0.73,,0.73,0,13,102,114,0,3
FING-5748,1353,1353.0,2016,1,2,False,False,False,False,1.0,3.0,15.0,1,2015.0,1,0.75,0.93,0.76,0.7,,0.69,1,13,90,114,0,3
FING-5744,1353,1353.0,2016,1,2,False,False,False,False,1.0,1.0,7.0,1,2015.0,1,0.88,0.97,0.7,0.72,0.66,0.65,1,13,111,32,0,4
FING-3916,1353,1353.0,2016,1,2,False,False,False,False,1.0,1.0,29.0,,2014.0,1,0.78,0.83,0.76,0.74,,0.67,1,6,24,42,0,3
FING-6481,1353,1353.0,2016,1,2,False,False,False,False,1.0,,,,2015.0,4,0.63,0.63,0.68,0.72,,0.74,1,13,76,114,0,4
FING-5761,1353,1353.0,2016,1,2,False,False,False,False,1.0,2.0,26.0,,2014.0,1,0.83,0.86,0.68,0.72,,0.65,2,13,67,114,0,3
FING-5751,1353,1353.0,2016,1,1,True,False,False,False,1.0,3.0,42.0,,2014.0,1,0.72,0.78,0.7,0.79,0.56,0.74,0,13,95,114,0,3
FING-6492,1353,1353.0,2016,1,2,False,False,False,False,1.0,2.0,89.0,,2015.0,1,0.74,0.81,0.66,0.7,,0.69,2,13,80,114,0,3
FING-5739,1353,1353.0,2016,1,1,False,False,False,False,1.0,5.0,23.0,,2015.0,1,0.78,0.81,0.77,0.77,0.76,0.73,1,13,71,114,0,4
FING-5741,1353,1353.0,2016,1,1,False,False,False,False,1.0,2.0,14.0,,2015.0,1,0.83,0.97,0.6,0.68,,0.67,0,13,107,45,0,3
FING-5760,1353,1353.0,2016,1,2,False,False,False,False,1.0,2.0,24.0,,2015.0,1,0.75,0.81,0.83,0.76,,0.69,2,13,92,114,0,3
FING-3446,1353,1353.0,2015,1,2,True,False,False,False,1.0,4.0,26.0,,2013.0,1,0.76,0.81,0.8,0.76,,0.72,0,13,102,88,0,3
FING-5754,1353,1353.0,2016,1,2,False,False,False,False,1.0,3.0,35.0,,2015.0,1,0.76,0.83,0.61,0.76,,0.72,1,13,102,114,0,3
FING-6494,1353,1353.0,2016,1,2,False,False,False,False,1.0,3.0,8.0,1,2015.0,2,0.7,0.79,0.71,0.75,0.51,0.71,1,13,86,114,0,3
FING-179,1353,,2016,2,2,False,False,False,False,,,,,,,,,,,,,,,,,,
FING-3447,1353,1353.0,2015,1,2,True,False,False,False,1.0,1.0,42.0,,2013.0,1,0.8,0.85,0.62,0.72,,0.71,1,13,107,73,0,3
FING-6297,1353,1353.0,2016,1,2,False,False,False,False,1.0,1.0,20.0,,2014.0,1,0.77,0.82,0.76,0.78,0.7,0.73,1,4,6,29,0,3
FING-6480,1353,1353.0,2016,1,2,True,False,False,False,1.0,1.0,5.0,,2014.0,1,0.89,0.97,0.77,0.72,0.71,0.72,1,13,92,114,0,3
FING-680,1353,1353.0,2014,1,2,False,False,False,False,1.0,1.0,28.0,,2007.0,1,0.73,0.79,0.7,0.78,,0.72,,13,102,88,0,3
FING-5747,1353,1353.0,2016,1,2,False,False,False,False,1.0,1.0,8.0,,2008.0,1,0.74,0.74,0.81,0.96,,0.84,1,13,67,114,0,2
FING-5757,1353,1353.0,2016,1,2,True,True,True,False,1.0,1.0,10.0,,2009.0,1,0.79,0.84,0.68,0.86,,0.75,1,13,109,66,0,3
FING-5742,1353,,2016,1,2,False,False,False,False,,,,,,,,,,,,,,,,,,
FING-6487,1353,1353.0,2016,1,2,True,True,True,False,1.0,1.0,1.0,,2014.0,1,0.85,0.99,0.75,0.81,,0.74,0,6,23,94,0,3
FING-5743,1353,1353.0,2016,1,2,True,False,False,False,1.0,1.0,3.0,1,2015.0,1,0.79,0.91,0.89,0.81,0.77,0.84,1,13,98,124,0,3
FING-23802,1353,,2016,1,1,True,True,False,False,,,,,,,,,,,,,,,,,,
FING-222,1353,,2017,1,2,True,True,False,False,,,,,,,,,,,,,,,,,,
FING-1534,1353,,2017,1,2,False,False,False,False,,,,,,,,,,,,,,,,,,
FING-2954,1353,,2016,2,2,False,False,False,False,,,,,,,,,,,,,,,,,,
FING-9612,1353,1353.0,2018,1,2,False,False,False,False,1.0,1.0,24.0,,2011.0,1,0.76,0.86,0.74,0.77,0.72,0.72,2,13,92,114,0,3
FING-9585,1353,1353.0,2018,1,2,False,False,False,False,1.0,3.0,40.0,,2016.0,1,0.7,0.76,0.89,0.81,,0.78,1,13,102,114,0,3
FING-9589,1353,1353.0,2018,1,1,False,False,False,False,1.0,1.0,5.0,1,2017.0,6,0.9,0.99,0.88,0.7,0.82,0.77,3,13,88,114,4,4
FING-7750,1353,1353.0,2018,1,2,False,False,False,False,1.0,1.0,27.0,,2015.0,1,0.77,0.84,0.76,0.78,,0.72,1,13,92,114,0,3
FING-5753,1353,1353.0,2018,1,2,False,False,False,False,1.0,1.0,23.0,,2015.0,1,0.74,0.84,0.75,0.81,,0.72,1,13,102,114,0,3
FING-5748,1353,1353.0,2018,1,2,False,False,False,False,1.0,2.0,19.0,,2015.0,1,0.75,0.93,0.7,0.76,,0.65,1,13,90,114,0,3
FING-5744,1353,1353.0,2018,1,2,False,False,False,False,1.0,1.0,10.0,,2015.0,1,0.88,0.97,0.71,0.78,,0.67,1,13,111,32,0,4
FING-9598,1353,1353.0,2018,1,2,False,False,False,False,1.0,2.0,59.0,,2016.0,1,0.75,0.78,0.72,0.77,,0.75,1,13,113,80,0,3
FING-9597,1353,1353.0,2018,1,2,True,False,False,False,1.0,1.0,20.0,,2016.0,1,0.85,0.89,0.65,0.76,,0.76,1,13,84,114,0,3
FING-9614,1353,1353.0,2018,1,2,False,False,False,False,1.0,1.0,30.0,,2016.0,1,0.8,0.83,0.63,0.8,,0.71,1,13,115,114,0,4
FING-10293,1353,1353.0,2018,1,2,False,False,False,False,1.0,1.0,124.0,1,2017.0,2,0.75,0.83,0.75,0.62,,0.63,3,13,97,114,5,4
FING-10296,1353,1353.0,2018,1,2,False,False,False,False,1.0,1.0,75.0,1,2017.0,2,0.8,0.87,0.7,0.67,0.6,0.58,2,13,83,114,0,4
FING-9613,1353,1353.0,2018,1,2,False,False,False,False,1.0,1.0,15.0,,2017.0,1,0.88,1.0,0.68,0.72,,0.44,2,13,91,11,0,3
FING-9590,1353,1353.0,2018,1,2,False,False,False,False,1.0,2.0,2.0,1,2017.0,1,0.86,1.0,0.83,0.77,,0.78,3,13,80,114,5,3
FING-10291,1353,1353.0,2018,1,2,False,False,False,False,1.0,1.0,62.0,1,2017.0,2,0.8,0.84,0.62,0.71,,0.74,1,13,105,100,0,3
FING-9609,1353,1353.0,2018,1,2,False,False,False,False,1.0,2.0,36.0,,2017.0,1,0.8,0.86,0.66,0.74,,0.74,1,13,70,114,0,3
FING-9588,1353,1353.0,2018,1,2,False,False,False,False,1.0,2.0,46.0,,2017.0,1,0.75,0.82,0.79,0.74,0.67,0.7,1,13,100,114,0,3
FING-10295,1353,1353.0,2018,1,2,False,False,False,False,1.0,2.0,88.0,1,2017.0,2,0.75,0.87,0.66,0.66,0.66,0.66,3,13,80,114,5,3
FING-9587,1353,1353.0,2018,1,1,False,False,False,False,1.0,2.0,44.0,,2017.0,1,0.8,0.86,0.71,0.73,,0.62,3,13,92,114,5,3
FING-9602,1353,1353.0,2018,1,2,False,False,False,False,2.0,1.0,29.0,,2017.0,1,0.83,0.92,0.7,0.71,,0.5,1,13,67,114,0,4
FING-5755,1353,1353.0,2016,1,2,True,False,False,False,1.0,1.0,32.0,,2014.0,1,0.68,0.72,0.91,0.83,,0.76,3,13,86,114,5,4
FING-7768,1353,,2017,1,2,False,False,False,False,,,,,,,,,,,,,,,,,,
FING-7735,1353,,2017,1,2,True,False,False,False,,,,,,,,,,,,,,,,,,
FING-7737,1353,1353.0,2017,1,2,True,False,False,False,1.0,1.0,6.0,,2016.0,1,0.85,0.95,0.7,0.74,0.64,0.69,2,13,67,114,0,3
FING-8450,1353,1353.0,2017,1,2,False,False,False,False,1.0,1.0,102.0,1,2016.0,2,0.7,0.77,0.65,0.78,,0.71,2,13,90,114,0,3
FING-7742,1353,1353.0,2017,1,2,True,False,False,False,1.0,1.0,24.0,1,2016.0,1,0.77,0.86,0.65,0.74,,0.73,1,13,98,114,0,3
FING-12988,1353,1363.0,2017,2,1,True,True,False,False,1.0,1.0,52.0,,2014.0,1,0.77,0.93,0.8,0.74,,0.65,1,13,67,114,0,3
FING-2920,1353,,2018,1,2,True,True,False,False,,,,,,,,,,,,,,,,,,
FING-13024,1353,,2017,2,2,True,True,False,False,,,,,,,,,,,,,,,,,,
FING-4379,1353,,2017,1,2,False,False,False,False,,,,,,,,,,,,,,,,,,
FING-7758,1353,,2017,1,1,True,False,False,False,,,,,,,,,,,,,,,,,,
FING-157,1353,,2017,2,2,False,False,False,False,,,,,,,,,,,,,,,,,,
FING-5932,1353,,2017,2,2,True,True,False,False,,,,,,,,,,,,,,,,,,
FING-2918,1353,,2018,1,2,True,True,False,False,,,,,,,,,,,,,,,,,,
FING-1528,1353,,2017,2,2,True,True,False,False,,,,,,,,,,,,,,,,,,
FING-4115,1353,,2018,1,2,True,True,False,False,,,,,,,,,,,,,,,,,,
FING-2971,1353,,2018,1,2,False,False,False,False,,,,,,,,,,,,,,,,,,
FING-2973,1353,,2018,1,2,False,False,False,False,,,,,,,,,,,,,,,,,,
FING-2955,1353,,2017,1,2,False,False,False,False,,,,,,,,,,,,,,,,,,
FING-2960,1353,,2018,1,2,False,False,False,False,,,,,,,,,,,,,,,,,,
FING-2931,1353,,2017,2,2,False,False,False,False,,,,,,,,,,,,,,,,,,
FING-4201,1353,,2017,2,2,True,False,False,False,,,,,,,,,,,,,,,,,,
FING-2945,1353,,2018,1,2,True,True,False,False,,,,,,,,,,,,,,,,,,
FING-205,1353,,2018,1,2,True,True,False,False,,,,,,,,,,,,,,,,,,
FING-5663,1353,,2018,1,2,True,True,False,False,,,,,,,,,,,,,,,,,,
FING-3244,1353,,2018,1,2,True,True,True,False,,,,,,,,,,,,,,,,,,
FING-10111,1353,,2018,1,2,False,False,False,False,,,,,,,,,,,,,,,,,,
FING-3488,1353,1353.0,2018,1,2,False,False,False,False,1.0,1.0,58.0,,2014.0,1,0.73,0.82,0.74,0.74,0.64,0.71,1,13,102,88,0,3
FING-7327,1353,1353.0,2018,1,2,False,False,False,False,1.0,1.0,8.0,,2015.0,1,0.88,0.95,0.78,0.76,,0.8,1,13,90,114,0,4
FING-9593,1353,1353.0,2018,1,1,False,False,False,False,1.0,2.0,41.0,,2015.0,1,0.76,0.8,0.8,0.77,,0.76,2,13,92,62,0,3
FING-7763,1353,1353.0,2017,1,2,False,False,False,False,1.0,2.0,9.0,,2015.0,1,0.83,0.87,0.73,0.77,,0.74,1,13,112,131,0,3
FING-10093,1353,1353.0,2018,1,2,True,True,True,False,1.0,1.0,26.0,,2015.0,1,0.77,0.82,0.79,0.8,,0.71,1,5,19,99,0,3
FING-9583,1353,1353.0,2018,1,2,False,False,False,False,1.0,3.0,39.0,,2016.0,1,0.77,0.78,0.74,0.81,0.64,0.75,1,13,67,114,0,2
FING-7741,1353,1353.0,2018,1,1,False,False,False,False,1.0,1.0,49.0,,2016.0,1,0.82,0.88,0.65,0.7,0.64,0.66,3,13,92,114,4,3
FING-9584,1353,1353.0,2018,1,2,False,False,False,False,1.0,1.0,31.0,,2016.0,1,0.71,0.77,0.8,0.85,,0.7,1,13,81,114,0,3
FING-7746,1353,1353.0,2017,1,2,False,False,False,False,1.0,1.0,19.0,1,2016.0,1,0.75,0.86,0.75,0.71,,0.78,3,13,88,114,4,3
FING-7751,1353,1353.0,2017,1,2,False,False,False,False,1.0,4.0,45.0,,2016.0,1,0.75,0.91,0.68,0.65,,0.68,2,13,92,114,0,3
FING-9611,1353,1353.0,2018,1,2,False,False,False,False,1.0,2.0,50.0,,2016.0,1,0.74,0.79,0.63,0.83,0.86,0.71,1,13,80,114,0,3
FING-8453,1353,1353.0,2017,1,2,False,False,False,False,1.0,2.0,70.0,1,2016.0,2,0.78,0.86,0.68,0.67,,0.69,3,13,67,114,5,3
FING-9607,1353,1353.0,2018,1,2,False,False,False,False,1.0,5.0,53.0,,2017.0,1,0.78,0.83,0.72,0.75,0.64,0.62,2,13,80,114,0,3
FING-9606,1353,1353.0,2018,1,2,False,False,False,False,1.0,3.0,51.0,,2017.0,1,0.74,0.86,0.75,0.72,,0.63,2,13,102,114,0,3
FING-9595,1353,1353.0,2018,1,2,False,False,False,False,1.0,2.0,47.0,,2017.0,1,0.76,0.8,0.62,0.8,0.58,0.78,1,13,80,114,0,3
FING-9594,1353,1353.0,2018,1,2,False,False,False,False,1.0,2.0,56.0,,2017.0,1,0.73,0.77,0.84,0.75,,0.78,1,13,87,114,0,3
FING-10294,1353,1353.0,2018,1,2,True,True,True,False,1.0,4.0,67.0,1,2017.0,2,0.72,0.77,0.69,0.79,,0.75,1,13,80,114,0,3
FING-1876,1353,1353.0,2019,1,2,False,False,False,False,1.0,1.0,11.0,,2009.0,1,0.8,0.81,0.75,0.9,,0.73,0,13,72,114,0,3
FING-11739,1353,1353.0,2019,1,2,False,False,False,False,1.0,1.0,19.0,,2013.0,1,0.74,0.8,0.72,0.86,0.85,0.76,1,13,69,28,0,3
FING-6473,1353,1353.0,2019,1,2,False,False,False,False,1.0,3.0,57.0,,2015.0,1,0.71,0.73,0.79,0.83,,0.79,1,13,115,37,0,3
FING-11747,1353,1353.0,2019,1,2,False,False,False,False,1.0,1.0,47.0,,2014.0,1,0.76,0.76,0.72,0.81,,0.79,1,13,102,114,0,3
FING-9586,1353,1353.0,2018,1,2,False,False,False,False,1.0,1.0,22.0,,2014.0,1,0.72,0.76,0.86,0.85,,0.88,1,13,84,114,0,4
FING-11721,1353,1353.0,2019,1,2,False,False,False,False,1.0,1.0,1.0,,2015.0,1,0.82,1.0,0.78,0.89,,0.8,1,13,108,114,0,2
FING-11715,1353,1353.0,2019,1,2,False,False,False,False,1.0,3.0,23.0,,2015.0,1,0.74,0.97,0.58,0.7,,0.62,3,13,102,88,5,3
FING-5741,1353,1353.0,2019,1,1,False,False,False,False,1.0,3.0,7.0,,2015.0,1,0.84,0.97,0.67,0.76,,0.7,0,13,107,45,0,3
FING-11709,1353,1353.0,2019,1,1,False,False,False,False,1.0,1.0,8.0,,2016.0,1,0.78,1.0,0.81,0.71,,0.64,1,13,,,,1
FING-5629,1353,1353.0,2019,1,2,False,False,False,False,1.0,1.0,13.0,,2015.0,1,0.75,0.79,0.77,0.89,,0.81,1,13,87,114,0,3
FING-8315,1353,1353.0,2019,1,2,False,False,False,False,1.0,1.0,49.0,,2016.0,1,0.74,0.79,0.75,0.78,,0.77,2,13,78,114,0,4
FING-11742,1353,1353.0,2019,1,2,False,False,False,False,1.0,1.0,12.0,,2017.0,1,0.78,0.78,0.7,0.94,,0.79,1,13,112,131,0,4
FING-11738,1353,1353.0,2019,1,2,False,False,False,False,1.0,3.0,7.0,1,2018.0,6,0.76,0.87,0.33,0.42,,0.47,3,13,96,114,5,4
FING-11764,1353,1353.0,2019,1,2,False,False,False,False,1.0,1.0,4.0,1,2018.0,6,0.74,1.0,0.25,0.47,0.55,,,13,86,114,0,4
FING-11728,1353,1353.0,2019,1,2,False,False,False,False,1.0,1.0,24.0,,2016.0,1,0.75,0.76,0.79,0.86,,0.75,1,13,87,35,0,4
FING-11726,1353,1353.0,2019,1,2,False,False,False,False,1.0,1.0,35.0,,2017.0,1,0.85,0.92,0.67,0.67,,0.56,3,13,112,131,4,3
FING-17849,1353,1353.0,2019,1,2,False,False,False,False,1.0,1.0,143.0,,2017.0,4,0.68,0.73,0.67,0.74,,0.7,1,13,102,114,0,3
FING-11752,1353,1353.0,2019,1,2,False,False,False,False,1.0,1.0,43.0,,2017.0,1,0.73,0.89,0.66,0.72,,0.67,1,13,98,114,0,4
FING-11743,1353,1353.0,2019,1,2,False,False,False,False,1.0,2.0,6.0,1,2018.0,2,0.68,0.85,0.6,0.62,,0.65,3,13,102,88,5,3
FING-11761,1353,1353.0,2019,1,2,False,False,False,False,1.0,1.0,6.0,1,2018.0,1,0.9,0.99,0.58,0.75,0.47,0.69,3,13,92,114,5,3
FING-11718,1353,1353.0,2019,1,1,False,False,False,False,1.0,2.0,38.0,,2018.0,1,0.78,0.86,0.63,0.75,,0.68,1,13,92,114,0,3
FING-11723,1353,1353.0,2019,1,2,False,False,False,False,1.0,1.0,17.0,,2018.0,1,0.78,0.82,0.8,0.79,,0.78,1,13,95,114,0,3
FING-11740,1353,1353.0,2019,1,2,False,False,False,False,1.0,1.0,11.0,1,2018.0,6,0.73,0.83,0.43,0.64,,0.41,3,13,92,114,5,4
FING-11732,1353,1353.0,2019,1,2,False,False,False,False,1.0,1.0,4.0,,2018.0,1,0.87,1.0,0.7,0.7,,0.75,2,13,114,48,0,3
FING-11758,1353,1353.0,2019,1,2,True,True,True,False,1.0,2.0,28.0,,2018.0,1,0.79,0.79,0.68,0.82,,0.74,1,13,76,114,0,2
FING-11733,1353,1353.0,2019,1,2,False,False,False,False,1.0,1.0,48.0,,2018.0,1,0.9,1.0,0.6,0.59,,0.49,3,6,24,42,7,3
FING-11741,1353,1353.0,2019,1,2,False,False,False,False,1.0,2.0,1.0,1,2018.0,2,0.78,0.9,0.63,0.66,,0.64,3,13,67,88,5,3
FING-11716,1353,1353.0,2019,1,2,True,True,True,False,1.0,4.0,22.0,1,2018.0,1,0.78,0.85,0.72,0.76,0.68,0.75,1,13,102,114,0,3
FING-11735,1353,1353.0,2019,1,2,False,False,False,False,1.0,1.0,5.0,1,2018.0,1,0.9,0.96,0.7,0.73,,0.75,0,13,80,114,0,4
FING-11713,1353,1353.0,2019,1,2,False,False,False,False,1.0,2.0,20.0,,2018.0,1,0.79,0.82,0.72,0.79,,0.8,1,13,79,114,0,4
FING-11711,1353,1353.0,2019,1,2,False,False,False,False,1.0,3.0,29.0,,2018.0,1,0.75,0.83,0.74,0.77,,0.73,1,13,85,114,0,3
FING-11759,1353,1353.0,2019,1,2,False,False,False,False,1.0,1.0,5.0,1,2018.0,2,0.74,0.8,0.66,0.71,,0.64,1,13,98,114,0,3
FING-11750,1353,1353.0,2019,1,2,False,False,False,False,1.0,2.0,31.0,,2018.0,1,0.76,0.81,0.67,0.8,,0.73,1,13,99,114,0,4
FING-11736,1353,1353.0,2019,1,2,False,False,False,False,1.0,2.0,60.0,,2018.0,1,0.8,0.89,0.55,0.73,,0.57,1,13,94,114,0,3
FING-11724,1353,1353.0,2019,1,2,False,False,False,False,1.0,2.0,56.0,,2018.0,1,0.78,0.8,0.77,0.74,,0.74,1,13,69,114,0,4
FING-11708,1353,1353.0,2019,1,1,False,False,False,False,1.0,2.0,40.0,,2018.0,1,0.87,0.98,0.58,0.6,,0.59,3,13,102,114,5,3
FING-11749,1353,1353.0,2019,1,2,False,False,False,False,1.0,3.0,44.0,,2018.0,1,0.76,0.77,0.73,0.82,,0.72,1,13,92,114,0,4
FING-11712,1353,1353.0,2019,1,2,False,False,False,False,1.0,1.0,7.0,1,2018.0,2,0.74,0.85,0.6,0.62,0.63,0.47,3,13,105,114,5,4
FING-11745,1353,1353.0,2019,1,2,False,False,False,False,1.0,2.0,39.0,,2018.0,1,0.8,0.9,0.68,0.75,0.58,0.45,3,13,81,114,4,3
FING-11746,1353,1353.0,2019,1,2,False,False,False,False,1.0,1.0,27.0,,2018.0,1,0.76,0.81,0.74,0.78,,0.77,1,13,84,114,0,3
FING-15350,1353,1353.0,2019,1,2,False,False,False,False,1.0,4.0,55.0,,2018.0,1,0.73,0.75,0.67,0.83,,0.81,1,13,85,114,0,3
FING-11755,1353,1353.0,2019,1,1,False,False,False,False,1.0,1.0,61.0,,2018.0,1,0.76,0.77,0.6,0.84,,0.69,1,13,80,114,0,2
FING-11765,1353,1353.0,2019,1,2,False,False,False,False,1.0,1.0,62.0,,2018.0,1,0.81,0.89,0.56,0.71,0.67,0.61,2,13,116,72,0,2
FING-11710,1353,1353.0,2019,1,1,False,False,False,False,1.0,1.0,46.0,1,2018.0,1,0.76,0.83,0.7,0.76,,0.73,0,13,106,5,0,3
FING-11753,1353,1353.0,2019,1,2,False,False,False,False,1.0,4.0,2.0,1,2018.0,2,0.79,0.89,0.61,0.67,0.63,0.69,1,13,84,114,0,3
FING-11748,1353,1353.0,2019,1,2,False,False,False,False,1.0,3.0,59.0,1,2018.0,1,0.76,0.88,0.63,0.72,,0.59,3,13,69,114,5,4
FING-11763,1353,1353.0,2019,1,2,False,False,False,False,1.0,1.0,41.0,,2018.0,1,0.79,0.82,0.72,0.76,,0.69,1,13,80,114,0,3
FING-11757,1353,1353.0,2019,1,2,False,False,False,False,1.0,2.0,53.0,,2018.0,1,0.8,0.84,0.66,0.72,,0.7,1,13,98,114,0,4
FING-11717,1353,1353.0,2019,1,2,False,False,False,False,1.0,2.0,36.0,,2018.0,1,0.71,0.74,0.75,0.86,,0.81,1,13,82,114,0,3
FING-11751,1353,1353.0,2019,1,2,False,False,False,False,1.0,4.0,51.0,,2018.0,1,0.8,0.84,0.67,0.72,,0.7,1,13,112,114,0,3
FING-11734,1353,1353.0,2019,1,1,False,False,False,False,1.0,1.0,34.0,,2018.0,1,0.78,0.87,0.74,0.73,,0.61,1,13,116,114,0,3
FING-11722,1353,1353.0,2019,1,1,False,False,False,False,1.0,1.0,16.0,,2018.0,1,0.89,1.0,0.68,0.62,,0.61,3,13,86,114,5,4
FING-11714,1353,1353.0,2019,1,2,False,False,False,False,1.0,2.0,54.0,,2018.0,1,0.78,0.85,0.55,0.75,,0.75,1,13,102,114,0,3
FING-11737,1353,1353.0,2019,1,2,False,False,False,False,1.0,2.0,3.0,1,2018.0,1,0.76,0.91,0.88,0.81,,0.81,2,13,92,114,0,3
FING-11731,1353,1353.0,2019,1,2,False,False,False,False,1.0,1.0,21.0,1,2018.0,1,0.92,1.0,0.7,0.57,0.6,0.63,3,13,79,114,5,4
FING-11725,1353,1353.0,2019,1,2,False,False,False,False,1.0,4.0,45.0,,2018.0,1,0.74,0.78,0.7,0.82,,0.71,2,13,67,117,0,4
FING-11719,1353,1353.0,2019,1,2,False,False,False,False,1.0,1.0,32.0,,2018.0,1,0.74,0.8,0.68,0.8,,0.8,1,13,93,93,0,3
FING-11720,1353,1353.0,2019,1,2,False,False,False,False,1.0,4.0,30.0,,2018.0,1,0.72,0.8,0.69,0.81,0.82,0.78,1,13,86,49,0,3
FING-11727,1353,1353.0,2019,1,2,False,False,False,False,1.0,1.0,4.0,1,2018.0,2,0.83,0.87,0.57,0.64,,0.57,1,13,80,114,0,4
FING-9581,1353,1353.0,2018,1,2,False,False,False,False,1.0,1.0,14.0,1,2017.0,1,0.75,0.91,0.67,0.8,,0.74,1,13,83,114,5,4
FING-7765,1353,1353.0,2017,1,2,False,False,False,False,1.0,1.0,11.0,,2015.0,1,0.72,0.91,0.69,0.72,,0.81,3,13,90,114,5,3
FING-9582,1353,1353.0,2018,1,2,False,False,False,False,1.0,1.0,54.0,,2013.0,1,0.72,0.72,0.76,0.84,,0.83,1,13,102,114,0,2
FING-6355,1353,1353.0,2018,1,2,False,False,False,False,1.0,1.0,37.0,,2014.0,1,0.78,0.84,0.78,0.74,,0.7,1,13,105,109,0,3
FING-6324,1353,1353.0,2018,1,2,False,False,False,False,1.0,1.0,6.0,,2014.0,1,0.89,0.95,0.79,0.79,0.82,0.76,1,5,11,52,0,3
FING-7770,1353,1353.0,2017,1,2,False,False,False,False,1.0,2.0,20.0,,2015.0,1,0.78,0.83,0.84,0.72,,0.75,0,13,92,61,0,3
FING-10289,1353,1353.0,2018,1,2,False,False,False,False,1.0,2.0,69.0,1,2017.0,2,0.73,0.8,0.75,0.73,,0.74,2,13,86,114,0,3
FING-9605,1353,1353.0,2018,1,2,True,False,False,False,1.0,2.0,28.0,,2016.0,1,0.73,0.87,0.77,0.76,0.68,0.64,3,13,83,114,5,4
FING-5369,1353,1353.0,2018,1,2,False,False,False,False,1.0,1.0,11.0,,2015.0,1,0.73,0.93,0.79,0.82,,0.68,3,13,71,114,4,3
FING-9610,1353,1353.0,2018,1,2,False,False,False,False,1.0,4.0,57.0,,2017.0,1,0.74,0.75,0.79,0.8,,0.74,1,13,90,114,0,4
FING-9603,1353,1353.0,2018,1,2,False,False,False,False,1.0,3.0,33.0,,2016.0,1,0.73,0.73,0.89,0.8,,0.9,2,13,92,120,0,2
FING-9600,1353,1353.0,2018,1,2,True,True,True,False,1.0,1.0,34.0,,2017.0,1,0.74,0.78,0.76,0.83,,0.73,1,13,67,114,0,3
FING-9599,1353,1353.0,2018,1,1,False,False,False,False,1.0,1.0,9.0,,2017.0,1,0.87,0.96,0.83,0.75,,0.74,2,13,105,114,0,3
FING-8195,1353,,2019,1,2,False,False,False,False,,,,,,,,,,,,,,,,,,
FING-8456,1353,1353.0,2017,1,2,False,False,False,False,1.0,2.0,59.0,1,2016.0,2,0.79,0.85,0.59,0.74,,0.62,2,13,67,114,0,4
FING-10092,1353,1353.0,2018,1,2,True,False,False,False,1.0,1.0,21.0,,2017.0,1,0.83,0.87,0.74,0.79,,0.71,2,5,14,57,0,4
FING-10290,1353,1353.0,2018,1,1,False,False,False,False,1.0,,,,2017.0,11,0.7,0.72,0.71,0.69,0.66,0.62,,13,79,114,0,3
FING-9580,1353,1353.0,2018,1,2,False,False,False,False,1.0,1.0,25.0,,2017.0,1,0.77,0.85,0.68,0.81,0.71,0.68,1,13,75,114,0,4
FING-7766,1353,1353.0,2017,1,2,True,False,False,False,1.0,3.0,28.0,,2016.0,1,0.78,0.83,0.65,0.77,,0.71,1,13,105,100,0,4
FING-7769,1353,1353.0,2017,1,1,False,False,False,False,1.0,4.0,30.0,,2016.0,1,0.85,0.96,0.61,0.63,,0.58,3,13,97,114,5,3
FING-7761,1353,1353.0,2017,1,2,False,False,False,False,1.0,1.0,36.0,1,2016.0,1,0.73,0.88,0.64,0.72,0.72,0.66,1,13,86,114,5,4
FING-7666,1353,,2019,1,2,False,False,False,False,,,,,,,,,,,,,,,,,,
FING-6482,1353,1353.0,2016,1,2,False,False,False,False,1.0,2.0,34.0,,2008.0,1,0.71,0.73,0.68,0.87,,0.79,1,13,86,114,0,3
FING-155,1353,1353.0,2017,1,2,False,False,False,False,1.0,1.0,4.0,,2013.0,1,0.8,1.0,0.74,0.76,,0.77,1,13,112,37,0,3
FING-6350,1353,,2019,1,2,False,False,False,False,,,,,,,,,,,,,,,,,,
FING-3432,1353,1353.0,2018,1,2,True,True,False,False,1.0,1.0,17.0,,2014.0,1,0.76,0.84,0.76,0.83,,0.74,1,13,106,5,0,3
FING-9608,1353,1353.0,2018,1,2,False,False,False,False,1.0,1.0,3.0,,2014.0,1,0.88,0.95,0.7,0.83,,0.81,1,13,95,86,0,3
FING-9601,1353,1353.0,2018,1,2,True,True,True,False,1.0,1.0,1.0,,2016.0,1,0.92,1.0,0.84,0.9,0.84,0.9,1,13,75,114,0,3
FING-5349,1353,,2019,1,2,False,False,False,False,,,,,,,,,,,,,,,,,,
FING-7739,1353,1353.0,2017,1,2,True,False,False,False,1.0,1.0,7.0,1,2016.0,1,0.88,0.95,0.68,0.72,,0.7,3,13,92,114,5,3
FING-2908,1353,,2017,2,1,True,True,False,False,,,,,,,,,,,,,,,,,,
FING-2951,1353,,2018,1,2,False,False,False,False,,,,,,,,,,,,,,,,,,
FING-7973,1353,,2018,2,2,True,True,False,False,,,,,,,,,,,,,,,,,,
FING-228,1353,,2018,2,2,False,False,False,False,,,,,,,,,,,,,,,,,,
FING-5360,1353,,2018,2,2,False,False,False,False,,,,,,,,,,,,,,,,,,
FING-7749,1353,,2017,1,2,False,False,False,False,,,,,,,,,,,,,,,,,,
FING-678,1353,,2018,2,2,False,False,False,False,,,,,,,,,,,,,,,,,,
FING-3450,1353,1353.0,2015,1,2,True,False,False,False,1.0,2.0,33.0,,2014.0,1,0.72,0.76,0.91,0.8,0.8,0.67,1,13,102,114,0,3
FING-2989,1353,,2019,1,2,True,True,False,False,,,,,,,,,,,,,,,,,,
FING-11760,1353,1353.0,2019,1,2,False,False,False,False,1.0,1.0,63.0,,2015.0,1,0.68,0.76,0.88,0.79,,0.69,1,13,88,114,0,3
FING-11756,1353,1353.0,2019,1,1,False,False,False,False,1.0,1.0,26.0,,2018.0,1,0.82,0.87,0.78,0.68,,0.72,3,13,97,114,5,3
FING-11744,1353,1353.0,2019,1,2,False,False,False,False,1.0,2.0,58.0,1,2018.0,1,0.9,1.0,0.63,0.55,0.59,0.51,1,13,105,114,0,3
FING-9202,1353,,2020,1,1,True,True,True,True,,,,,,,,,,,,,,,,,,
FING-8308,1353,,2020,1,2,False,False,False,True,,,,,,,,,,,,,,,,,,
FING-3928,1353,,2020,1,2,True,True,False,True,,,,,,,,,,,,,,,,,,
FING-2919,1353,,2020,1,2,False,False,False,True,,,,,,,,,,,,,,,,,,
FING-9776,1353,,2020,1,1,False,False,False,True,,,,,,,,,,,,,,,,,,
FING-5737,1353,1353.0,2016,1,2,False,False,False,False,1.0,4.0,22.0,,2015.0,1,0.76,0.85,0.67,0.75,,0.71,1,13,102,114,0,4
FING-9878,1353,1353.0,2020,1,2,False,False,False,True,1.0,1.0,45.0,,2017.0,1,0.76,0.8,0.7,0.81,,,1,13,85,106,0,3
FING-7354,1353,,2020,1,2,False,False,False,True,,,,,,,,,,,,,,,,,,
FING-5376,1353,,2020,1,2,True,True,False,True,,,,,,,,,,,,,,,,,,
FING-1531,1353,,2018,1,1,True,True,False,False,,,,,,,,,,,,,,,,,,
FING-2946,1353,,2018,1,2,True,True,False,False,,,,,,,,,,,,,,,,,,
FING-13422,1353,1353.0,2020,1,1,False,False,False,True,1.0,1.0,6.0,,2017.0,1,0.86,0.94,0.8,0.77,,,0,13,96,12,0,4
FING-11512,1353,1353.0,2020,1,1,False,False,False,True,1.0,2.0,31.0,,2018.0,1,0.82,0.86,0.63,0.76,0.86,,1,13,92,114,0,4
FING-14218,1353,1353.0,2020,1,2,False,False,False,True,1.0,1.0,1.0,,2019.0,6,0.94,1.0,0.56,0.56,,,0,13,92,114,0,4
FING-5374,1353,1353.0,2020,1,2,False,False,False,True,1.0,1.0,3.0,,2015.0,1,0.81,0.94,0.71,0.84,,,1,13,113,80,0,3
FING-8361,1353,1353.0,2020,1,2,False,False,False,True,1.0,1.0,12.0,,2016.0,1,0.75,0.92,0.76,0.77,,,3,10,60,83,8,3
FING-10176,1353,1353.0,2020,1,2,False,False,False,True,1.0,2.0,36.0,,2017.0,1,0.77,0.88,0.73,0.71,,,3,13,80,114,5,3
FING-13987,1353,1353.0,2020,1,2,False,False,False,True,1.0,1.0,41.0,,2019.0,1,0.81,0.87,0.73,0.69,,,1,13,113,80,0,3
FING-14156,1353,1353.0,2020,1,2,False,False,False,True,1.0,4.0,33.0,,2019.0,1,0.78,0.83,0.75,0.76,0.83,0.76,1,13,90,114,0,4
FING-15381,1353,1353.0,2020,1,2,False,False,False,True,1.0,4.0,57.0,,2019.0,1,0.76,0.76,0.74,0.8,,,1,13,92,113,0,4
FING-14568,1353,1353.0,2020,1,2,False,False,False,True,1.0,1.0,20.0,1,2019.0,1,0.84,1.0,0.64,0.63,,,2,13,92,114,0,3
FING-14648,1353,1353.0,2020,1,1,False,False,False,True,1.0,2.0,24.0,1,2019.0,1,0.81,0.93,0.73,0.7,0.93,,1,13,82,114,0,3
FING-13700,1353,1353.0,2020,1,1,False,False,False,True,1.0,2.0,44.0,,2018.0,1,0.76,0.78,0.81,0.78,,,1,13,79,114,0,3
FING-13732,1353,1353.0,2020,1,2,False,False,False,True,1.0,1.0,17.0,,2019.0,1,0.92,1.0,0.61,0.63,,,3,13,81,114,5,4
FING-13821,1353,1353.0,2020,1,2,False,False,False,True,1.0,1.0,59.0,,2018.0,1,0.73,0.79,0.71,0.77,,,1,13,92,114,0,2
FING-13854,1353,1353.0,2020,1,2,False,False,False,True,1.0,4.0,50.0,,2019.0,1,0.76,0.82,0.77,0.73,,0.74,0,13,92,114,0,3
FING-13985,1353,1353.0,2020,1,1,False,False,False,True,1.0,1.0,47.0,1,2019.0,1,0.84,0.95,0.71,0.59,0.95,,2,13,106,114,0,4
FING-14090,1353,1353.0,2020,1,2,False,False,False,True,1.0,3.0,27.0,,2019.0,1,0.77,0.93,0.7,0.71,0.93,,1,13,113,114,0,4
FING-14108,1353,1353.0,2020,1,2,False,False,False,True,1.0,1.0,1.0,1,2019.0,1,0.91,1.0,0.74,0.87,,,1,13,68,114,0,4
FING-14142,1353,1353.0,2020,1,2,False,False,False,True,1.0,2.0,60.0,,2019.0,1,0.8,0.87,0.74,0.67,,,2,13,102,114,0,3
FING-14665,1353,1353.0,2020,1,2,False,False,False,True,1.0,1.0,11.0,1,2019.0,1,0.81,0.92,0.74,0.78,,0.65,3,13,95,114,5,4
FING-7352,1353,1353.0,2020,1,2,False,False,False,True,1.0,3.0,25.0,,2016.0,1,0.8,0.87,0.7,0.73,0.87,0.76,2,13,67,114,0,4
FING-13349,1353,1353.0,2020,1,2,False,False,False,True,1.0,2.0,43.0,,2016.0,1,0.74,0.77,0.88,0.8,0.88,,0,13,92,114,0,3
FING-14228,1353,1353.0,2020,1,2,False,False,False,True,1.0,2.0,58.0,1,2019.0,1,0.86,0.93,0.56,0.64,,,0,13,82,114,0,3
FING-14323,1353,1353.0,2020,1,2,False,False,False,True,1.0,1.0,3.0,,2019.0,6,0.79,0.85,0.49,0.22,0.85,,3,13,92,114,5,4
FING-14523,1353,1353.0,2020,1,2,False,False,False,True,1.0,2.0,52.0,,2019.0,1,0.76,0.78,0.67,0.82,,,1,13,68,114,0,3
FING-14688,1353,1353.0,2020,1,2,False,False,False,True,1.0,1.0,49.0,,2019.0,1,0.8,0.83,0.68,0.76,0.83,,1,6,29,97,0,4
FING-13541,1353,1353.0,2020,1,2,False,False,False,True,1.0,3.0,2.0,,2019.0,6,0.77,0.94,0.55,0.51,0.94,,,13,84,114,5,4
FING-13707,1353,1353.0,2020,1,2,False,False,False,True,1.0,4.0,55.0,,2018.0,1,0.8,0.84,0.72,0.71,,,1,13,95,114,0,3
FING-14200,1353,1353.0,2020,1,2,False,False,False,True,1.0,1.0,2.0,1,2019.0,1,0.88,0.95,0.79,0.85,0.95,,3,13,92,114,5,3
FING-14209,1353,1353.0,2020,1,2,False,False,False,True,1.0,1.0,40.0,,2019.0,1,0.83,0.88,0.72,0.69,0.88,,3,13,92,61,5,3
FING-14283,1353,1353.0,2020,1,2,False,False,False,True,1.0,1.0,6.0,1,2019.0,2,0.76,0.83,0.68,0.7,0.83,,3,13,67,114,4,3
FING-14300,1353,1353.0,2020,1,2,False,False,False,True,1.0,1.0,2.0,1,2019.0,2,0.73,0.82,0.77,0.72,0.82,,0,13,75,114,0,3
FING-13131,1353,,2020,1,1,False,False,False,True,,,,,,,,,,,,,,,,,,
FING-13232,1353,1353.0,2020,1,2,False,False,False,True,1.0,1.0,13.0,,2014.0,1,0.82,0.86,0.8,0.79,,0.74,1,13,80,50,0,4
FING-13260,1353,1353.0,2020,1,2,False,False,False,True,1.0,1.0,46.0,,2014.0,1,0.77,0.84,0.71,0.73,,,3,13,107,73,4,4
FING-7770,1353,1353.0,2020,1,2,False,False,False,False,1.0,1.0,26.0,,2015.0,1,0.79,0.83,0.88,0.73,,0.75,1,13,92,62,0,3
FING-13269,1353,1353.0,2020,1,2,False,False,False,True,1.0,1.0,51.0,,2014.0,1,0.74,0.75,0.76,0.81,0.81,,1,13,67,114,0,2
FING-10175,1353,1353.0,2020,1,2,False,False,False,True,1.0,1.0,23.0,,2017.0,1,0.83,0.94,0.76,0.65,0.94,,1,13,112,131,4,4
FING-13646,1353,1353.0,2020,1,2,False,False,False,True,1.0,1.0,56.0,,2018.0,1,0.73,0.83,0.8,0.71,0.83,,0,13,98,114,4,3
FING-15357,1353,1353.0,2019,1,2,False,False,False,False,1.0,2.0,42.0,,2018.0,1,0.77,0.79,0.73,0.77,,0.8,0,13,99,24,0,4
FING-13869,1353,1353.0,2020,1,2,False,False,False,True,1.0,1.0,9.0,,2018.0,1,0.82,0.96,0.66,0.79,,0.7,3,13,115,37,5,4
FING-13911,1353,1353.0,2020,1,1,False,False,False,True,1.0,4.0,48.0,,2018.0,1,0.83,0.87,0.64,0.74,,0.59,1,13,84,114,0,3
FING-28252,1353,1353.0,2020,1,2,False,False,False,True,1.0,6.0,62.0,,2019.0,1,0.78,0.8,0.76,0.74,,0.69,2,13,80,114,0,4
FING-14196,1353,1353.0,2020,1,2,False,False,False,True,1.0,2.0,5.0,1,2019.0,2,0.75,0.83,0.67,0.71,,,1,13,86,114,0,3
FING-7764,1353,1353.0,2020,1,2,False,False,False,True,1.0,1.0,18.0,,2015.0,1,0.77,0.87,0.69,0.79,,,1,13,95,114,0,3
FING-13642,1353,1353.0,2020,1,2,False,False,False,True,1.0,4.0,61.0,,2019.0,1,0.77,0.87,0.65,0.7,,,3,13,67,114,5,3
FING-14301,1353,1353.0,2020,1,2,False,False,False,True,1.0,1.0,4.0,,2019.0,1,0.92,1.0,0.67,0.73,,,1,13,98,114,0,3
FING-14399,1353,1353.0,2020,1,2,False,False,False,True,1.0,1.0,16.0,,2019.0,1,0.81,0.89,0.84,0.74,0.89,,1,13,102,88,0,3
FING-14453,1353,1353.0,2020,1,2,False,False,False,True,1.0,2.0,7.0,1,2019.0,2,0.77,0.86,0.59,0.67,,0.48,3,13,94,114,5,4
FING-14476,1353,1353.0,2020,1,2,False,False,False,True,1.0,1.0,8.0,,2019.0,1,0.84,0.87,0.71,0.86,,,1,13,102,88,0,4
FING-14693,1353,1353.0,2020,1,2,False,False,False,True,1.0,2.0,42.0,,2018.0,1,0.74,0.79,0.69,0.83,,0.74,3,13,69,114,4,4
FING-13491,1353,1353.0,2020,1,2,False,False,False,True,1.0,2.0,4.0,1,2019.0,2,0.77,0.93,0.51,0.62,,,1,13,87,114,1,4
FING-13688,1353,1353.0,2020,1,2,False,False,False,True,1.0,3.0,38.0,,2018.0,1,0.74,0.77,0.69,0.84,,,1,13,96,114,0,3
FING-11079,1353,1353.0,2020,1,2,False,False,False,True,1.0,1.0,39.0,,2018.0,1,0.76,0.85,0.66,0.77,,,1,13,82,114,0,3
FING-15256,1353,,2020,2,2,True,True,True,True,,,,,,,,,,,,,,,,,,
FING-15261,1353,,2020,2,2,False,False,False,True,,,,,,,,,,,,,,,,,,
FING-15274,1353,,2020,2,2,False,False,False,True,,,,,,,,,,,,,,,,,,
FING-15277,1353,,2020,2,2,False,False,False,True,,,,,,,,,,,,,,,,,,
FING-15282,1353,,2020,2,1,True,True,False,True,,,,,,,,,,,,,,,,,,
FING-15290,1353,,2020,2,2,False,False,False,True,,,,,,,,,,,,,,,,,,
FING-15328,1353,,2020,2,2,False,False,False,True,,,,,,,,,,,,,,,,,,
FING-13775,1353,1353.0,2020,1,2,False,False,False,True,1.0,3.0,63.0,1,2019.0,1,0.79,0.87,0.53,0.72,,,2,13,78,27,0,5
FING-14284,1353,1353.0,2020,1,2,False,False,False,True,1.0,3.0,35.0,,2019.0,1,0.76,0.8,0.8,0.79,,,1,13,109,66,0,4
FING-15368,1353,,2021,1,2,False,False,False,True,,,,,,,,,,,,,,,,,,
FING-15343,1353,,2021,1,2,False,False,False,True,,,,,,,,,,,,,,,,,,
FING-15339,1353,,2021,1,2,False,False,False,True,,,,,,,,,,,,,,,,,,
FING-15306,1353,,2021,1,2,False,False,False,True,,,,,,,,,,,,,,,,,,
FING-15356,1353,,2021,1,2,False,False,False,True,,,,,,,,,,,,,,,,,,
FING-15297,1353,,2021,1,2,False,False,False,True,,,,,,,,,,,,,,,,,,
FING-15153,1353,,2021,1,2,False,False,False,True,,,,,,,,,,,,,,,,,,
FING-18333,1353,,2021,1,2,False,False,False,True,,,,,,,,,,,,,,,,,,
FING-15346,1353,,2021,1,2,False,False,False,True,,,,,,,,,,,,,,,,,,
FING-15366,1353,,2021,1,2,False,False,False,True,,,,,,,,,,,,,,,,,,
FING-17810,1353,1353.0,2021,1,2,False,False,False,True,1.0,1.0,20.0,,2019.0,3,0.82,0.88,0.79,0.77,,,1,13,98,114,0,3
FING-184,1353,,2018,2,1,True,True,False,False,,,,,,,,,,,,,,,,,,
FING-18350,1353,,2012,1,2,False,False,False,False,,,,,,,,,,,,,,,,,,
FING-19520,1353,,2012,1,2,False,False,False,False,,,,,,,,,,,,,,,,,,
FING-22419,1353,,2012,1,2,False,False,False,False,,,,,,,,,,,,,,,,,,
FING-21072,1353,,2012,1,2,False,False,False,False,,,,,,,,,,,,,,,,,,
FING-20186,1353,,2012,1,2,True,False,False,False,,,,,,,,,,,,,,,,,,
FING-24971,1353,,2012,1,1,False,False,False,False,,,,,,,,,,,,,,,,,,
FING-23326,1353,,2012,1,2,False,False,False,False,,,,,,,,,,,,,,,,,,
FING-12539,1353,,2012,1,1,False,False,False,False,,,,,,,,,,,,,,,,,,
FING-19054,1353,,2012,1,2,False,False,False,False,,,,,,,,,,,,,,,,,,
FING-20753,1353,,2012,1,2,False,False,False,False,,,,,,,,,,,,,,,,,,
FING-18252,1353,,2012,1,2,False,False,False,False,,,,,,,,,,,,,,,,,,
FING-1662,1353,,2012,1,2,False,False,False,False,,,,,,,,,,,,,,,,,,
FING-24722,1353,,2012,1,2,False,False,False,False,,,,,,,,,,,,,,,,,,
FING-7101,1353,,2012,1,2,False,False,False,False,,,,,,,,,,,,,,,,,,
FING-16779,1353,,2012,1,2,False,False,False,False,,,,,,,,,,,,,,,,,,
FING-22872,1353,,2013,1,2,False,False,False,False,,,,,,,,,,,,,,,,,,
FING-21312,1353,,2012,1,2,False,False,False,False,,,,,,,,,,,,,,,,,,
FING-22008,1353,,2012,1,2,False,False,False,False,,,,,,,,,,,,,,,,,,
FING-1422,1353,,2014,1,2,False,False,False,False,,,,,,,,,,,,,,,,,,
FING-1781,1353,1353.0,2014,1,1,False,False,False,False,1.0,1.0,88.0,1,2013.0,1,0.87,0.94,0.56,0.56,,0.51,,13,96,114,4,4
FING-1774,1353,1353.0,2014,1,1,False,False,False,False,1.0,2.0,78.0,1,2013.0,1,0.8,0.95,0.55,0.58,,0.53,,13,91,114,0,3
FING-664,1353,1353.0,2014,1,2,False,False,False,False,1.0,2.0,22.0,,2013.0,1,0.79,0.82,0.72,0.71,,0.74,,13,79,114,5,3
FING-694,1353,1353.0,2014,1,2,False,False,False,False,1.0,2.0,46.0,,2013.0,1,0.73,0.85,0.64,0.7,,0.65,,13,79,114,0,3
FING-689,1353,1353.0,2014,1,2,False,False,False,False,1.0,3.0,30.0,,2013.0,1,0.7,0.74,0.68,0.85,,0.74,,13,80,114,0,3
FING-1780,1353,1353.0,2014,1,2,False,False,False,False,1.0,2.0,50.0,,2013.0,9,0.77,0.78,0.77,0.72,,0.69,,13,95,114,0,3
FING-1332,1353,1363.0,2014,1,2,False,False,False,False,1.0,1.0,80.0,,2012.0,1,0.78,0.81,0.72,0.77,,0.78,,13,80,114,0,4
FING-667,1353,,2014,1,2,False,False,False,False,,,,,,,,,,,,,,,,,,
FING-678,1353,1353.0,2014,1,2,False,False,False,False,1.0,4.0,33.0,,2013.0,1,0.78,0.86,0.66,0.68,,0.67,,13,106,114,0,3
FING-1779,1353,,2014,1,2,False,False,False,False,,,,,,,,,,,,,,,,,,
FING-679,1353,1353.0,2014,1,1,False,False,False,False,1.0,1.0,15.0,,2013.0,1,0.8,0.83,0.77,0.73,0.63,0.71,,13,105,114,0,3
FING-675,1353,1353.0,2014,1,1,False,False,False,False,1.0,3.0,36.0,,2013.0,1,0.75,0.78,0.72,0.77,,0.69,,13,105,114,0,3
FING-688,1353,1363.0,2014,1,2,False,False,False,False,1.0,2.0,75.0,,2012.0,1,0.73,0.8,0.79,0.79,,0.75,,13,92,114,0,3
FING-670,1353,1353.0,2014,1,2,False,False,False,False,1.0,2.0,32.0,,2013.0,1,0.77,0.82,0.66,0.75,0.53,0.63,,13,75,114,0,3
FING-698,1353,1353.0,2014,1,1,False,False,False,False,1.0,1.0,9.0,1,2013.0,1,0.79,0.89,0.7,0.77,,0.63,,13,90,114,0,3
FING-666,1353,1353.0,2014,1,2,False,False,False,False,1.0,1.0,21.0,,2008.0,1,0.78,0.81,0.64,0.77,,0.7,,13,106,5,0,3
FING-683,1353,,2014,1,2,False,False,False,False,,,,,,,,,,,,,,,,,,
FING-693,1353,,2014,1,2,False,False,False,False,,,,,,,,,,,,,,,,,,
FING-1786,1353,1353.0,2014,1,1,False,False,False,False,1.0,3.0,108.0,1,2013.0,1,0.75,0.87,0.57,0.63,,0.65,,13,105,114,0,3
FING-1331,1353,1353.0,2014,1,2,False,False,False,False,1.0,1.0,38.0,,2013.0,1,0.74,0.74,0.82,0.78,0.72,0.7,,7,43,55,0,4
FING-21182,1353,,2013,1,2,False,False,False,False,,,,,,,,,,,,,,,,,,
FING-16627,1353,,2012,1,2,True,False,False,False,,,,,,,,,,,,,,,,,,
FING-18317,1353,1363.0,2013,1,1,True,True,True,False,1.0,3.0,100.0,,2011.0,1,0.68,0.7,0.73,0.8,,0.8,,13,93,114,0,4
FING-25938,1353,,2012,2,2,False,False,False,False,,,,,,,,,,,,,,,,,,
FING-19169,1353,,2013,1,2,False,False,False,False,,,,,,,,,,,,,,,,,,
FING-669,1353,1353.0,2014,1,2,False,False,False,False,1.0,1.0,18.0,1,2013.0,1,0.85,0.96,0.59,0.61,,0.62,,13,116,72,0,3
FING-672,1353,1353.0,2014,1,2,False,False,False,False,1.0,1.0,5.0,,2005.0,1,0.83,0.87,0.77,0.72,0.79,0.81,,13,92,120,0,3
FING-1783,1353,1353.0,2014,1,2,False,False,False,False,1.0,2.0,73.0,1,2013.0,1,0.74,0.81,0.66,0.7,,0.68,,13,89,114,5,4
FING-6860,1353,,2012,1,2,False,False,False,False,,,,,,,,,,,,,,,,,,
FING-12915,1353,,2015,2,1,True,False,False,False,,,,,,,,,,,,,,,,,,
FING-26853,1353,,2015,2,2,False,False,False,False,,,,,,,,,,,,,,,,,,
FING-26814,1353,,2015,2,1,False,False,False,False,,,,,,,,,,,,,,,,,,
FING-26526,1353,,2015,2,2,False,False,False,False,,,,,,,,,,,,,,,,,,
FING-3419,1353,,2015,1,1,False,False,False,False,,,,,,,,,,,,,,,,,,
FING-3429,1353,1353.0,2015,1,2,False,False,False,False,1.0,1.0,28.0,,2013.0,1,0.74,0.78,0.8,0.79,,0.73,1,13,80,114,0,3
FING-1803,1353,,2014,2,2,True,True,False,False,,,,,,,,,,,,,,,,,,
FING-17747,1353,,2016,1,2,False,False,False,False,,,,,,,,,,,,,,,,,,
FING-8454,1353,1353.0,2017,1,2,False,False,False,False,1.0,,,,,11,,,,,,,,,,,,1
FING-5683,1353,,2019,1,2,True,True,False,False,,,,,,,,,,,,,,,,,,
FING-5402,1353,,2019,2,1,False,False,False,False,,,,,,,,,,,,,,,,,,
FING-5387,1353,,2019,2,2,False,False,False,False,,,,,,,,,,,,,,,,,,
FING-7477,1353,,2019,2,1,False,False,False,False,,,,,,,,,,,,,,,,,,
FING-13134,1353,,2017,2,2,True,True,False,False,,,,,,,,,,,,,,,,,,
FING-180,1353,,2018,2,2,True,True,False,False,,,,,,,,,,,,,,,,,,
FING-3451,1353,1353.0,2015,1,2,True,False,False,False,1.0,1.0,2.0,1,2014.0,1,0.92,1.0,0.86,0.76,0.73,0.7,1,13,78,114,0,3
FING-5763,1353,,2016,1,2,True,False,False,False,,,,,,,,,,,,,,,,,,
FING-6364,1353,,2019,2,2,False,False,False,False,,,,,,,,,,,,,,,,,,
FING-2933,1353,,2019,2,2,True,True,False,False,,,,,,,,,,,,,,,,,,
FING-6359,1353,,2019,2,2,False,False,False,False,,,,,,,,,,,,,,,,,,
FING-29416,1353,,2019,2,2,False,False,False,False,,,,,,,,,,,,,,,,,,
FING-9740,1353,,2019,2,2,False,False,False,False,,,,,,,,,,,,,,,,,,
FING-3919,1353,1353.0,2016,1,2,False,False,False,False,1.0,1.0,6.0,,2014.0,1,0.77,0.95,0.8,0.72,,0.73,1,6,26,22,0,3
FING-2905,1353,,2018,1,1,False,False,False,False,,,,,,,,,,,,,,,,,,
FING-12865,1353,,2016,2,2,False,False,False,False,,,,,,,,,,,,,,,,,,
FING-5381,1353,,2019,2,2,False,False,False,False,,,,,,,,,,,,,,,,,,
FING-12847,1353,1353.0,2020,1,2,False,False,False,True,1.0,,,,2008.0,11,0.62,0.62,0.83,0.78,0.83,,1,13,76,114,0,4
FING-13753,1353,1353.0,2020,1,1,False,False,False,True,1.0,2.0,54.0,,2018.0,1,0.75,0.82,0.71,0.74,,,3,13,83,114,5,4
FING-7736,1353,1353.0,2017,1,1,False,False,False,False,1.0,1.0,2.0,,2015.0,1,0.88,1.0,0.76,0.77,,0.77,2,13,75,114,0,4
FING-9150,1353,,2019,2,1,True,True,True,False,,,,,,,,,,,,,,,,,,
FING-3872,1353,,2016,2,2,True,False,False,False,,,,,,,,,,,,,,,,,,
FING-13105,1353,,2018,2,1,False,False,False,False,,,,,,,,,,,,,,,,,,
FING-535,1353,,2018,2,2,True,True,False,False,,,,,,,,,,,,,,,,,,
FING-736,1353,,2018,2,1,False,False,False,False,,,,,,,,,,,,,,,,,,
FING-14427,1353,1353.0,2020,1,2,False,False,False,True,1.0,1.0,4.0,,2019.0,6,0.77,0.85,0.61,0.63,,,2,13,92,62,0,4
FING-9193,1353,1353.0,2020,1,2,False,False,False,True,1.0,1.0,22.0,,2016.0,1,0.81,1.0,0.67,0.62,,,1,13,67,114,0,3
FING-14329,1353,1353.0,2020,1,2,False,False,False,True,1.0,1.0,15.0,1,2019.0,1,0.89,0.94,0.6,0.8,0.94,,3,13,96,114,4,3
FING-17497,1353,,2012,1,2,False,False,False,False,,,,,,,,,,,,,,,,,,
FING-28011,1353,,2012,1,2,False,False,False,False,,,,,,,,,,,,,,,,,,
FING-16517,1353,,2012,1,2,False,False,False,False,,,,,,,,,,,,,,,,,,
FING-19042,1353,,2012,1,1,False,False,False,False,,,,,,,,,,,,,,,,,,
FING-24970,1353,,2012,1,2,False,False,False,False,,,,,,,,,,,,,,,,,,
FING-22629,1353,,2012,1,2,False,False,False,False,,,,,,,,,,,,,,,,,,
FING-16122,1353,,2012,1,2,False,False,False,False,,,,,,,,,,,,,,,,,,
FING-23024,1353,,2012,1,1,False,False,False,False,,,,,,,,,,,,,,,,,,
FING-26321,1353,,2012,1,2,False,False,False,False,,,,,,,,,,,,,,,,,,
FING-23425,1353,,2012,1,2,False,False,False,False,,,,,,,,,,,,,,,,,,
FING-16741,1353,,2012,1,2,False,False,False,False,,,,,,,,,,,,,,,,,,
FING-24146,1353,,2012,1,2,False,False,False,False,,,,,,,,,,,,,,,,,,
FING-23035,1353,,2012,1,1,False,False,False,False,,,,,,,,,,,,,,,,,,
FING-2898,1353,1353.0,2013,1,2,False,False,False,False,1.0,1.0,15.0,,2011.0,1,0.8,0.82,0.71,0.73,,0.73,,13,92,114,1,4
FING-18111,1353,,2013,1,2,False,False,False,False,,,,,,,,,,,,,,,,,,
FING-17925,1353,1353.0,2013,1,1,False,False,False,False,1.0,1.0,7.0,,2011.0,1,0.85,1.0,0.62,0.72,,0.74,,13,69,114,0,4
FING-23765,1353,1363.0,2013,1,1,False,False,False,False,1.0,1.0,3.0,,2012.0,1,0.8,0.86,0.85,0.81,,0.85,,13,71,114,0,4
FING-908,1353,1353.0,2013,1,2,False,False,False,False,1.0,1.0,47.0,,2011.0,1,0.7,0.71,0.69,0.77,,0.74,,13,76,114,0,2
FING-20098,1353,,2012,1,2,False,False,False,False,,,,,,,,,,,,,,,,,,
FING-1785,1353,,2014,1,2,False,False,False,False,,,,,,,,,,,,,,,,,,
FING-15701,1353,,2015,1,2,False,False,False,False,,,,,,,,,,,,,,,,,,
FING-696,1353,1353.0,2014,1,1,False,False,False,False,1.0,1.0,35.0,,2006.0,1,0.75,0.75,0.81,0.74,,0.8,,13,98,114,0,4
FING-671,1353,1363.0,2014,1,2,False,False,False,False,1.0,1.0,15.0,1,2013.0,1,0.82,0.98,0.67,0.72,,0.68,,13,92,114,1,3
FING-6484,1353,,2016,1,2,True,True,True,False,,,,,,,,,,,,,,,,,,
FING-3444,1353,1353.0,2015,1,2,False,False,False,False,1.0,2.0,27.0,,2013.0,1,0.74,0.8,0.7,0.82,0.66,0.7,3,13,115,37,4,3
FING-5762,1353,1353.0,2016,1,2,False,False,False,False,1.0,2.0,30.0,,2015.0,1,0.74,0.82,0.64,0.75,,0.78,1,13,102,114,0,4
FING-7750,1353,1353.0,2017,1,2,False,False,False,False,1.0,3.0,13.0,,2015.0,1,0.77,0.83,0.76,0.78,,0.72,1,13,92,114,0,3
FING-7762,1353,1353.0,2017,1,2,False,False,False,False,1.0,3.0,32.0,,2015.0,1,0.78,0.85,0.63,0.74,0.58,0.73,3,13,90,114,4,3
FING-5760,1353,1353.0,2017,1,2,False,False,False,False,1.0,1.0,29.0,,2015.0,1,0.75,0.8,0.83,0.76,,0.69,2,13,92,114,0,3
FING-7754,1353,1353.0,2017,1,2,False,False,False,False,1.0,1.0,25.0,,2016.0,1,0.75,0.93,0.74,0.67,,0.58,3,13,102,114,5,3
FING-8459,1353,1353.0,2017,1,2,False,False,False,False,1.0,4.0,2.0,2,2016.0,6,0.78,0.86,0.62,0.67,0.54,0.53,2,13,97,114,0,4
FING-7760,1353,1353.0,2017,1,2,False,False,False,False,1.0,3.0,17.0,,2016.0,1,0.69,0.78,0.7,0.86,0.79,0.78,1,13,76,114,0,4
FING-7734,1353,1353.0,2017,1,2,False,False,False,False,1.0,1.0,18.0,,2008.0,1,0.83,0.89,0.61,0.74,,0.66,2,13,92,61,0,3
FING-8449,1353,1353.0,2017,1,2,False,False,False,False,1.0,1.0,74.0,1,2016.0,2,0.72,0.86,0.72,0.67,0.71,0.69,3,13,86,114,5,4
FING-7759,1353,,2017,1,1,False,False,False,False,,,,,,,,,,,,,,,,,,
FING-7743,1353,1353.0,2017,1,2,False,False,False,False,1.0,2.0,43.0,,2014.0,1,0.78,0.82,0.78,0.74,,0.66,0,13,102,88,0,3
FING-7755,1353,1353.0,2017,1,1,False,False,False,False,1.0,2.0,12.0,,2015.0,1,0.78,0.92,0.62,0.73,,0.71,1,13,91,114,0,3
FING-8451,1353,1353.0,2017,1,2,False,False,False,False,1.0,2.0,72.0,1,2016.0,2,0.8,0.87,0.67,0.65,,0.7,0,13,100,114,0,3
FING-8457,1353,1353.0,2017,1,1,False,False,False,False,1.0,2.0,64.0,1,2016.0,2,0.77,0.86,0.59,0.72,,0.64,2,13,67,114,0,3
FING-8455,1353,1353.0,2017,1,2,False,False,False,False,1.0,1.0,238.0,,2016.0,5,0.64,0.64,0.68,0.76,,0.72,1,13,73,114,0,4
FING-7741,1353,1353.0,2017,1,1,False,False,False,False,1.0,3.0,39.0,,2016.0,1,0.82,0.88,0.65,0.7,0.64,0.66,3,13,92,114,4,3
FING-7756,1353,1353.0,2017,1,2,False,False,False,False,1.0,2.0,34.0,,2016.0,1,0.75,0.75,0.76,0.83,,0.74,1,13,112,8,0,4
FING-7745,1353,,2017,1,2,False,False,False,False,,,,,,,,,,,,,,,,,,
FING-7753,1353,,2017,1,2,False,False,False,False,,,,,,,,,,,,,,,,,,
FING-7740,1353,1353.0,2017,1,2,False,False,False,False,1.0,2.0,38.0,,2014.0,1,0.7,0.76,0.82,0.81,0.88,0.74,1,13,85,114,0,4
FING-7757,1353,1353.0,2017,1,2,False,False,False,False,1.0,1.0,16.0,,2014.0,1,0.83,0.87,0.72,0.72,0.77,0.7,1,3,4,114,0,3
FING-7748,1353,1353.0,2017,1,2,False,False,False,False,1.0,1.0,8.0,1,2016.0,1,0.81,0.94,0.76,0.71,0.72,0.72,1,13,94,114,0,3
FING-8452,1353,1353.0,2017,1,2,False,False,False,False,1.0,1.0,1.0,2,2016.0,6,0.73,1.0,0.43,0.63,0.44,,,13,90,114,5,4
FING-7764,1353,1353.0,2017,1,2,False,False,False,True,1.0,2.0,22.0,,2015.0,1,0.77,0.86,0.73,0.71,,0.73,1,13,95,114,0,3
FING-7767,1353,1353.0,2017,1,2,False,False,False,False,1.0,1.0,26.0,1,2016.0,1,0.77,0.92,0.68,0.68,,0.61,1,13,102,114,0,3
FING-7752,1353,1353.0,2017,1,2,False,False,False,False,1.0,1.0,41.0,,2016.0,1,0.74,0.75,0.85,0.78,,0.77,2,13,92,114,0,4
FING-7744,1353,1353.0,2017,1,2,False,False,False,False,1.0,3.0,15.0,1,2016.0,1,0.79,1.0,0.63,0.62,0.67,0.61,3,13,78,114,4,3
FING-8458,1353,1353.0,2017,1,2,False,False,False,False,1.0,2.0,4.0,2,2016.0,6,0.72,0.81,0.5,0.62,,0.61,1,6,25,94,0,4
FING-5752,1353,1353.0,2016,1,2,False,False,False,False,1.0,1.0,36.0,1,2015.0,1,0.78,0.97,0.54,0.63,,0.59,3,13,102,88,5,4
FING-192,1353,,2017,1,2,False,False,False,False,,,,,,,,,,,,,,,,,,
FING-5767,1353,,2017,1,2,False,False,False,False,,,,,,,,,,,,,,,,,,
FING-5401,1353,,2018,1,2,False,False,False,False,,,,,,,,,,,,,,,,,,
FING-2909,1353,,2018,1,2,False,False,False,False,,,,,,,,,,,,,,,,,,
FING-2910,1353,,2017,1,1,False,False,False,False,,,,,,,,,,,,,,,,,,
FING-4195,1353,,2017,1,2,False,False,False,False,,,,,,,,,,,,,,,,,,
FING-2935,1353,,2017,2,1,False,False,False,False,,,,,,,,,,,,,,,,,,
FING-2872,1353,,2016,2,2,False,False,False,False,,,,,,,,,,,,,,,,,,
FING-6164,1353,,2018,1,2,False,False,False,False,,,,,,,,,,,,,,,,,,
FING-3410,1353,,2018,2,1,False,False,False,False,,,,,,,,,,,,,,,,,,
FING-186,1353,,2017,2,2,True,True,False,False,,,,,,,,,,,,,,,,,,
FING-12860,1353,,2017,2,2,False,False,False,False,,,,,,,,,,,,,,,,,,
FING-227,1353,,2018,1,2,False,False,False,False,,,,,,,,,,,,,,,,,,
FING-5353,1353,,2018,2,2,True,True,False,False,,,,,,,,,,,,,,,,,,
FING-13085,1353,,2017,2,1,True,True,False,False,,,,,,,,,,,,,,,,,,
FING-8359,1353,,2019,2,2,True,True,False,False,,,,,,,,,,,,,,,,,,
FING-1782,1353,1353.0,2014,1,2,False,False,False,False,1.0,2.0,49.0,,2013.0,1,0.73,0.74,0.72,0.79,,0.77,,13,72,114,0,2
FING-23389,1353,1353.0,2021,1,2,False,False,False,True,1.0,2.0,28.0,,2020.0,3,0.82,0.89,0.8,0.72,,,1,13,78,114,0,2
FING-29057,1353,1353.0,2022,1,2,False,False,False,True,1.0,2.0,35.0,,2021.0,3,0.85,0.95,0.57,0.78,,0.52,2,13,90,114,0,3
FING-15068,1353,1353.0,2020,1,2,False,False,False,True,1.0,2.0,3.0,1,2019.0,2,0.78,0.88,0.73,0.64,,0.53,3,13,93,114,5,4
FING-4324,1353,,2015,1,2,False,False,False,False,,,,,,,,,,,,,,,,,,
FING-4305,1353,,2015,1,2,False,False,False,False,,,,,,,,,,,,,,,,,,
FING-4319,1353,,2015,1,2,False,False,False,False,,,,,,,,,,,,,,,,,,
FING-4306,1353,,2015,1,2,False,False,False,False,,,,,,,,,,,,,,,,,,
FING-4321,1353,,2015,1,2,False,False,False,False,,,,,,,,,,,,,,,,,,
FING-212,1353,,2016,1,2,False,False,False,False,,,,,,,,,,,,,,,,,,
FING-5382,1353,,2018,1,2,False,False,False,False,,,,,,,,,,,,,,,,,,
FING-4190,1353,,2017,2,2,False,False,False,False,,,,,,,,,,,,,,,,,,
FING-17689,1353,,2016,1,2,False,False,False,False,,,,,,,,,,,,,,,,,,
FING-15432,1353,,2016,1,1,False,False,False,False,,,,,,,,,,,,,,,,,,
FING-173,1353,,2017,2,2,False,False,False,False,,,,,,,,,,,,,,,,,,
FING-10292,1353,1353.0,2018,1,2,False,False,False,False,1.0,,,,2014.0,4,0.62,0.64,0.57,0.73,,0.66,,13,90,114,,1
FING-9591,1353,1353.0,2018,1,2,False,False,False,False,1.0,1.0,48.0,,2017.0,1,0.69,0.92,0.72,0.67,0.74,0.63,2,13,96,118,0,4
FING-13370,1353,,2021,2,2,False,False,False,True,,,,,,,,,,,,,,,,,,
FING-6281,1353,,2021,2,2,False,False,False,True,,,,,,,,,,,,,,,,,,
FING-28229,1353,,2022,1,2,False,False,False,True,,,,,,,,,,,,,,,,,,
FING-14253,1353,,2021,2,2,False,False,False,True,,,,,,,,,,,,,,,,,,
FING-17075,1353,,2021,1,2,False,False,False,True,,,,,,,,,,,,,,,,,,
FING-23701,1353,1353.0,2021,1,2,False,False,False,True,1.0,2.0,35.0,,2019.0,3,0.77,0.89,0.73,0.73,,0.72,0,13,83,114,0,3
FING-20336,1353,1353.0,2021,1,2,False,False,False,True,1.0,2.0,32.0,,2020.0,3,0.86,0.96,0.63,0.7,,0.58,1,13,111,66,0,3
FING-24022,1353,1353.0,2021,1,2,False,False,False,True,1.0,2.0,50.0,1,2020.0,3,0.84,0.92,0.58,0.7,0.67,,1,13,92,114,0,3
FING-22835,1353,1353.0,2021,1,2,False,False,False,True,1.0,2.0,29.0,,2020.0,3,0.79,1.0,0.65,0.67,0.66,,1,13,97,114,0,3
FING-18025,1353,1353.0,2021,1,2,False,False,False,True,1.0,1.0,1.0,,2020.0,6,0.86,0.99,0.44,0.6,0.42,,,13,113,114,0,4
FING-25458,1353,1353.0,2021,1,1,False,False,False,True,1.0,,,,2020.0,10,0.8,0.88,0.61,0.67,,,2,13,102,114,0,3
FING-19202,1353,1353.0,2021,1,2,False,False,False,True,1.0,2.0,52.0,,2020.0,3,0.86,0.91,0.67,0.65,,,2,4,9,98,0,3
FING-24286,1353,1353.0,2021,1,2,False,False,False,True,1.0,2.0,2.0,1,2020.0,2,0.84,0.89,0.59,0.68,,,1,13,67,117,0,3
FING-21347,1353,1353.0,2021,1,2,False,False,False,True,1.0,1.0,42.0,1,2020.0,3,0.85,0.95,0.67,0.68,,,3,13,98,114,4,4
FING-19276,1353,1353.0,2021,1,2,False,False,False,True,1.0,2.0,5.0,1,2020.0,2,0.81,0.92,0.55,0.68,,,3,13,96,114,5,4
FING-19421,1353,1353.0,2021,1,2,False,False,False,True,1.0,4.0,45.0,,2020.0,3,0.79,0.9,0.71,0.72,,,3,13,68,114,5,4
FING-24968,1353,1353.0,2021,1,1,False,False,False,True,1.0,1.0,7.0,,2020.0,6,0.81,0.88,0.64,0.58,,,3,13,90,114,5,4
FING-23014,1353,1353.0,2021,1,2,False,False,False,True,1.0,1.0,27.0,,2016.0,3,0.75,0.75,0.83,0.82,,,1,13,92,114,0,4
FING-13685,1353,1353.0,2020,1,2,False,False,False,True,1.0,2.0,1.0,1,2019.0,2,0.77,0.89,0.66,0.63,0.89,,3,13,89,114,5,3
FING-17773,1353,1353.0,2021,1,2,False,False,False,True,1.0,1.0,11.0,,2019.0,3,0.89,0.99,0.76,0.71,,,0,9,58,69,0,5
FING-23737,1353,1353.0,2021,1,2,False,False,False,True,1.0,1.0,8.0,1,2020.0,2,0.77,0.8,0.69,0.66,0.76,,0,13,80,114,0,4
FING-22645,1353,1353.0,2021,1,2,False,False,False,True,1.0,1.0,5.0,,2019.0,3,0.87,0.91,0.73,0.82,,,1,6,28,96,0,3
FING-19200,1353,1353.0,2021,1,2,False,False,False,True,1.0,1.0,60.0,,2019.0,3,0.78,0.87,0.62,0.77,,,3,13,102,88,5,3
FING-14647,1353,1353.0,2020,1,2,False,False,False,True,1.0,1.0,5.0,1,2019.0,1,0.88,1.0,0.74,0.74,,,1,13,96,114,0,5
FING-16912,1353,1353.0,2021,1,2,False,False,False,True,1.0,3.0,7.0,1,2020.0,2,0.79,0.88,0.64,0.66,0.59,,2,13,105,100,0,4
FING-15968,1353,1353.0,2021,1,2,False,False,False,True,1.0,4.0,12.0,,2020.0,3,0.85,0.89,0.75,0.78,,,1,13,105,100,0,3
FING-22836,1353,1353.0,2021,1,1,False,False,False,True,1.0,,,,2020.0,10,0.8,0.86,0.65,0.67,,,2,13,,,0,3
FING-24238,1353,1353.0,2021,1,2,False,False,False,True,1.0,2.0,1.0,1,2020.0,2,0.78,0.86,0.62,0.73,,,2,13,67,117,0,3
FING-21954,1353,1353.0,2021,1,2,False,False,False,True,1.0,,,,2020.0,4,0.68,0.68,0.6,0.71,,,,13,,,0,2
FING-19765,1353,1353.0,2021,1,2,False,False,False,True,1.0,2.0,44.0,,2020.0,3,0.8,0.82,0.72,0.76,,,1,13,96,114,0,3
FING-28703,1353,1353.0,2021,1,2,False,False,False,True,1.0,2.0,16.0,,2020.0,3,0.85,0.88,0.64,0.78,,,1,2,3,1,0,3
FING-19596,1353,,2021,1,2,False,False,False,True,,,,,,,,,,,,,,,,,,
FING-24493,1353,1353.0,2021,1,1,False,False,False,True,1.0,1.0,6.0,1,2020.0,2,0.86,0.96,0.59,0.58,,,1,13,90,39,0,3
FING-18849,1353,1353.0,2021,1,2,False,False,False,True,1.0,2.0,47.0,,2020.0,3,0.91,0.97,0.54,0.65,,,1,13,100,114,0,3
FING-21841,1353,1353.0,2021,1,2,False,False,False,True,1.0,2.0,46.0,,2020.0,3,0.75,0.8,0.72,0.81,,,1,13,88,114,0,3
FING-13257,1353,1353.0,2020,1,2,False,False,False,True,1.0,3.0,37.0,,2018.0,1,0.82,0.97,0.72,0.61,,,2,7,41,34,,
FING-22523,1353,1353.0,2021,1,2,False,False,False,True,1.0,3.0,41.0,,2019.0,3,0.8,0.85,0.68,0.76,,,0,13,88,114,0,4
FING-23828,1353,1353.0,2021,1,2,False,False,False,True,1.0,2.0,51.0,,2020.0,3,0.81,0.82,0.65,0.76,,,1,13,98,114,0,4
FING-24735,1353,1353.0,2021,1,2,False,False,False,True,1.0,1.0,4.0,1,2020.0,2,0.82,0.89,0.62,0.68,,0.6,2,13,105,114,0,4
FING-20856,1353,1353.0,2021,1,1,False,False,False,True,1.0,1.0,8.0,,2020.0,3,0.93,0.99,0.72,0.69,0.62,,3,13,78,114,4,4
FING-25265,1353,1353.0,2021,1,2,False,False,False,True,1.0,2.0,43.0,,2020.0,3,0.8,0.83,0.64,0.78,,,1,13,72,114,0,3
FING-20302,1353,1353.0,2021,1,2,False,False,False,True,1.0,2.0,38.0,,2020.0,3,0.85,0.96,0.63,0.69,,,1,13,116,114,0,3
FING-25090,1353,1353.0,2021,1,2,False,False,False,True,1.0,2.0,31.0,,2020.0,3,0.83,0.89,0.59,0.75,,,1,13,102,114,0,3
FING-17152,1353,1353.0,2021,1,1,False,False,False,True,1.0,3.0,33.0,,2020.0,3,0.82,0.91,0.64,0.73,,,2,13,69,114,0,3
FING-23067,1353,1353.0,2021,1,2,False,False,False,True,2.0,1.0,48.0,,2020.0,3,0.79,0.81,0.55,0.79,,,1,13,72,114,0,4
FING-17000,1353,1353.0,2021,1,2,False,False,False,True,1.0,2.0,4.0,,2020.0,6,0.82,0.94,0.59,0.41,0.63,,,13,112,114,0,4
FING-3968,1353,,2015,1,1,False,False,False,False,,,,,,,,,,,,,,,,,,
FING-3436,1353,,2015,1,1,False,False,False,False,,,,,,,,,,,,,,,,,,
FING-4314,1353,,2015,1,2,False,False,False,False,,,,,,,,,,,,,,,,,,
FING-3441,1353,1353.0,2015,1,2,False,False,False,False,1.0,1.0,32.0,,2013.0,1,0.79,0.9,0.71,0.66,,0.62,3,13,94,114,5,3
FING-3445,1353,1353.0,2015,1,2,False,False,False,False,1.0,2.0,16.0,,2014.0,1,0.78,0.94,0.75,0.66,,0.65,0,13,97,114,1,4
FING-4325,1353,1353.0,2015,1,2,False,False,False,False,1.0,3.0,6.0,1,2014.0,2,0.76,0.89,0.67,0.63,,0.71,0,13,92,114,0,3
FING-3430,1353,1353.0,2015,1,1,False,False,False,False,1.0,2.0,23.0,,2013.0,1,0.79,1.0,0.68,0.6,0.62,0.54,3,13,92,114,6,3
FING-4310,1353,1353.0,2015,1,2,False,False,False,False,1.0,2.0,4.0,1,2014.0,2,0.79,0.86,0.66,0.69,0.59,0.6,0,13,98,124,0,3
FING-3437,1353,1353.0,2015,1,2,False,False,False,False,1.0,1.0,15.0,,2014.0,1,0.82,0.89,0.63,0.73,,0.72,3,13,114,48,5,3
FING-3439,1353,1353.0,2015,1,2,False,False,False,False,1.0,1.0,13.0,,2014.0,1,0.8,0.92,0.61,0.75,0.61,0.71,1,13,113,114,0,3
FING-3426,1353,1353.0,2015,1,2,False,False,False,False,1.0,1.0,10.0,,2014.0,1,0.83,0.87,0.79,0.76,,0.73,1,13,102,114,0,3
FING-3424,1353,1353.0,2015,1,2,False,False,False,False,1.0,2.0,44.0,,2014.0,1,0.71,0.87,0.72,0.7,,0.67,1,13,92,114,0,4
FING-3432,1353,1353.0,2015,1,2,True,True,False,False,1.0,1.0,11.0,,2014.0,1,0.77,0.93,0.74,0.73,,0.71,2,13,106,5,0,3
FING-4320,1353,1353.0,2015,1,2,False,False,False,False,1.0,2.0,7.0,1,2014.0,2,0.77,0.84,0.67,0.69,,0.7,2,13,95,114,0,3
FING-3420,1353,1353.0,2015,1,2,False,False,False,False,1.0,1.0,5.0,1,2014.0,1,0.83,0.95,0.7,0.83,,0.7,0,13,92,114,5,3
FING-3434,1353,1353.0,2015,1,2,False,False,False,False,1.0,1.0,3.0,,2014.0,1,0.82,1.0,0.77,0.74,0.79,0.75,0,13,91,114,0,3
FING-4318,1353,1353.0,2015,1,2,False,False,False,False,1.0,1.0,5.0,1,2014.0,2,0.75,0.87,0.55,0.72,,0.63,2,13,92,114,0,3
FING-3425,1353,1353.0,2015,1,2,False,False,False,False,1.0,2.0,34.0,1,2014.0,1,0.73,0.89,0.68,0.7,,0.66,0,13,82,114,0,3
FING-4308,1353,1353.0,2015,1,2,False,False,False,False,1.0,2.0,8.0,1,2014.0,2,0.75,0.83,0.62,0.71,,0.7,3,13,93,114,5,4
FING-4110,1353,1353.0,2015,1,2,False,False,False,False,1.0,7.0,45.0,1,2014.0,1,0.88,0.92,0.61,0.64,0.7,0.6,1,4,8,26,0,4
FING-3440,1353,1353.0,2015,1,2,False,False,False,False,1.0,1.0,36.0,1,2014.0,1,0.77,1.0,0.66,0.56,0.72,0.61,3,13,102,114,5,3
FING-5764,1353,1353.0,2016,1,2,False,False,False,False,1.0,1.0,16.0,,2005.0,1,0.8,1.0,0.56,0.64,,0.66,0,13,95,114,4,4
FING-5765,1353,1353.0,2016,1,1,False,False,False,False,1.0,1.0,13.0,1,2015.0,1,0.92,1.0,0.68,0.61,0.66,0.61,1,13,105,114,1,3
FING-5750,1353,,2016,1,2,False,False,False,False,,,,,,,,,,,,,,,,,,
FING-5749,1353,,2016,1,2,False,False,False,False,,,,,,,,,,,,,,,,,,
FING-185,1353,1353.0,2016,1,2,False,False,False,False,1.0,1.0,12.0,,2013.0,1,0.83,0.94,0.64,0.71,,0.68,1,13,113,64,0,3
FING-5740,1353,1353.0,2016,1,2,False,False,False,False,1.0,1.0,11.0,,2015.0,1,0.77,0.83,0.88,0.81,,0.69,1,13,89,114,0,4
FING-6486,1353,1353.0,2016,1,2,False,False,False,False,1.0,1.0,1.0,2,2015.0,6,0.79,0.89,0.52,0.48,0.5,0.57,3,13,94,114,5,4
FING-5759,1353,1353.0,2016,1,2,False,False,False,False,1.0,3.0,21.0,,2015.0,1,0.77,0.86,0.79,0.72,0.72,0.65,3,13,95,114,5,3
FING-6483,1353,1353.0,2016,1,2,False,False,False,False,1.0,2.0,2.0,2,2015.0,6,0.72,0.79,0.54,0.66,,0.61,3,6,23,94,5,4
FING-6305,1353,1353.0,2016,1,2,False,False,False,False,1.0,5.0,41.0,,2008.0,1,0.74,0.78,0.83,0.74,,0.73,1,9,56,133,0,3
FING-6253,1353,,2016,1,1,False,False,False,False,,,,,,,,,,,,,,,,,,
FING-6493,1353,1353.0,2016,1,2,False,False,False,False,1.0,2.0,7.0,1,2015.0,2,0.69,0.72,0.92,0.77,0.8,0.72,1,13,90,114,1,4
FING-6485,1353,1353.0,2016,1,2,False,False,False,False,1.0,1.0,3.0,1,2015.0,2,0.76,0.94,0.55,0.66,,0.57,2,13,110,66,0,4
FING-5746,1353,1353.0,2016,1,2,False,False,False,False,1.0,1.0,31.0,,2015.0,1,0.7,0.77,0.71,0.83,,0.72,1,13,90,114,0,4
FING-5756,1353,1353.0,2016,1,2,False,False,False,False,1.0,2.0,40.0,1,2015.0,1,0.88,1.0,0.67,0.52,0.55,0.57,0,13,107,73,0,4
FING-5758,1353,1353.0,2016,1,1,False,False,False,False,1.0,1.0,27.0,1,2015.0,1,0.77,0.96,0.62,0.64,,0.6,0,13,80,114,0,4
FING-6490,1353,1353.0,2016,1,2,False,False,False,False,1.0,2.0,2.0,1,2015.0,2,0.81,0.95,0.55,0.62,,0.61,1,13,94,114,0,4
FING-6491,1353,1353.0,2016,1,2,False,False,False,False,1.0,1.0,,,2015.0,5,0.69,0.69,0.79,0.79,0.77,0.8,2,13,72,114,0,2
FING-24711,1353,,2016,1,2,False,False,False,False,,,,,,,,,,,,,,,,,,
FING-4323,1353,,2015,1,2,False,False,False,False,,,,,,,,,,,,,,,,,,
FING-15766,1353,,2016,1,2,False,False,False,False,,,,,,,,,,,,,,,,,,
FING-26467,1353,,2017,2,2,False,False,False,False,,,,,,,,,,,,,,,,,,
FING-13726,1353,,2021,2,1,False,False,False,True,,,,,,,,,,,,,,,,,,
FING-13444,1353,,2021,2,2,False,False,False,True,,,,,,,,,,,,,,,,,,
FING-223,1353,,2021,2,2,False,False,False,True,,,,,,,,,,,,,,,,,,
FING-9628,1353,,2021,2,2,False,False,False,True,,,,,,,,,,,,,,,,,,
FING-14632,1353,,2021,2,2,False,False,False,True,,,,,,,,,,,,,,,,,,
FING-11178,1353,,2021,2,2,False,False,False,True,,,,,,,,,,,,,,,,,,
FING-9172,1353,,2021,2,2,False,False,False,True,,,,,,,,,,,,,,,,,,
FING-9136,1353,,2021,2,2,False,False,False,True,,,,,,,,,,,,,,,,,,
FING-6488,1353,1353.0,2016,1,2,False,False,False,False,1.0,2.0,4.0,1,2015.0,2,0.77,0.85,0.58,0.75,,0.63,3,13,69,114,5,3
FING-13310,1353,1353.0,2020,1,2,False,False,False,True,1.0,2.0,21.0,,2015.0,1,0.8,0.82,0.7,0.81,,0.78,1,13,68,114,0,3
FING-16828,1353,,2021,1,1,False,False,False,True,,,,,,,,,,,,,,,,,,
FING-25331,1353,,2021,1,2,False,False,False,True,,,,,,,,,,,,,,,,,,
FING-19833,1353,,2021,1,2,False,False,False,True,,,,,,,,,,,,,,,,,,
FING-19963,1353,1353.0,2021,1,2,False,False,False,True,1.0,,,,2020.0,11,0.5,0.51,0.27,0.76,,,1,13,,,0,3
FING-24650,1353,1353.0,2021,1,2,False,False,False,True,1.0,1.0,36.0,,2017.0,3,0.75,0.74,0.73,0.83,,,1,13,77,114,0,2
FING-15750,1353,1353.0,2021,1,1,False,False,False,True,1.0,1.0,53.0,,2018.0,3,0.86,1.0,0.68,0.61,,,0,13,97,114,0,3
FING-17380,1353,1353.0,2021,1,2,False,False,False,True,1.0,2.0,40.0,,2019.0,3,0.78,0.8,0.79,0.78,,,2,13,67,114,0,4
FING-16776,1353,1353.0,2021,1,2,False,False,False,True,1.0,1.0,59.0,1,2020.0,3,0.8,0.89,0.69,0.73,0.69,,3,13,102,114,5,3
FING-22910,1353,1353.0,2021,1,1,False,False,False,True,1.0,,,,2019.0,10,0.72,0.73,0.73,0.78,,,1,13,105,114,0,2
FING-15094,1353,1353.0,2020,1,2,False,False,False,True,1.0,3.0,53.0,,2019.0,1,0.74,0.84,0.71,0.74,,,0,13,79,114,0,4
FING-13559,1353,1353.0,2020,1,2,False,False,False,True,1.0,1.0,14.0,,2017.0,1,0.74,0.8,0.85,0.84,,0.87,0,13,92,62,0,3
FING-15097,1353,1353.0,2020,1,2,False,False,False,True,1.0,1.0,30.0,1,2019.0,1,0.78,0.82,0.78,0.78,,0.72,1,13,86,114,0,4
FING-23001,1353,1353.0,2021,1,2,False,False,False,True,1.0,1.0,15.0,,2020.0,3,0.82,0.87,0.69,0.8,,,2,13,67,114,0,3
FING-22025,1353,1353.0,2021,1,2,False,False,False,True,1.0,2.0,3.0,1,2020.0,2,0.86,0.91,0.62,0.63,0.72,,1,13,105,114,0,3
FING-24527,1353,1353.0,2021,1,2,False,False,False,True,1.0,,,,2020.0,11,0.76,0.84,0.42,0.69,,,3,13,,,5,4
FING-17316,1353,1353.0,2021,1,2,False,False,False,True,1.0,1.0,39.0,,2020.0,3,0.86,0.93,0.59,0.71,,,0,13,87,114,0,3
FING-18761,1353,1353.0,2021,1,2,False,False,False,True,1.0,2.0,10.0,,2020.0,6,0.81,0.85,0.46,0.57,0.52,,,13,105,114,4,4
FING-17141,1353,1353.0,2021,1,2,False,False,False,True,2.0,2.0,56.0,,2018.0,3,,,0.75,0.78,,,1,13,88,114,3,
FING-16410,1353,1353.0,2021,1,2,False,False,False,True,1.0,2.0,54.0,,2020.0,3,0.82,0.9,0.63,0.71,,,1,13,80,114,0,3
FING-24806,1353,1353.0,2021,1,2,False,False,False,True,1.0,1.0,13.0,1,2020.0,3,0.87,0.98,0.68,0.73,,,1,13,102,114,0,3
FING-18684,1353,1353.0,2021,1,2,False,False,False,True,1.0,2.0,9.0,,2020.0,3,0.88,0.94,0.67,0.78,,,1,4,7,71,0,3
FING-18176,1353,1353.0,2021,1,2,False,False,False,True,1.0,3.0,58.0,,2020.0,3,0.78,0.79,0.71,0.78,,,1,13,76,140,0,2
FING-17505,1353,1353.0,2021,1,2,False,False,False,True,1.0,1.0,6.0,1,2020.0,3,0.87,0.95,0.79,0.77,,,2,13,92,114,0,3
FING-18118,1353,1353.0,2021,1,2,False,False,False,True,1.0,4.0,30.0,,2020.0,3,0.83,0.85,0.62,0.77,,,1,13,99,114,0,4
FING-25124,1353,1353.0,2021,1,1,False,False,False,True,1.0,1.0,18.0,,2020.0,3,0.84,0.89,0.72,0.73,,,1,13,80,114,0,3
FING-25483,1353,1353.0,2021,1,2,False,False,False,True,1.0,1.0,7.0,,2020.0,3,0.86,1.0,0.79,0.71,,,3,13,90,114,4,3
FING-23387,1353,1353.0,2021,1,2,False,False,False,True,1.0,2.0,24.0,,2019.0,3,0.77,0.85,0.77,0.79,,,0,13,98,114,0,3
FING-21397,1353,1353.0,2021,1,2,False,False,False,True,1.0,1.0,17.0,,2020.0,3,0.82,0.98,0.7,0.72,,,1,13,70,114,0,3
FING-20251,1353,1353.0,2021,1,1,False,False,False,True,1.0,1.0,2.0,1,2020.0,3,0.95,1.0,0.77,0.73,,,0,13,75,114,0,4
FING-21918,1353,1353.0,2021,1,2,False,False,False,True,1.0,1.0,49.0,1,2020.0,3,0.91,1.0,0.52,0.62,,,1,13,90,114,0,4
FING-25297,1353,1353.0,2021,1,2,False,False,False,True,1.0,1.0,57.0,,2020.0,3,0.82,0.84,0.67,0.74,,,0,13,87,114,0,3
FING-22175,1353,1353.0,2021,1,2,False,False,False,True,1.0,2.0,37.0,1,2020.0,3,0.82,0.86,0.65,0.76,,,3,13,116,114,4,3
FING-24506,1353,1353.0,2021,1,2,False,False,False,True,1.0,1.0,1.0,,2020.0,3,0.93,1.0,0.77,0.78,,,0,13,107,73,0,3
FING-24994,1353,1353.0,2021,1,2,False,False,False,True,1.0,4.0,21.0,,2020.0,3,0.82,0.92,0.67,0.74,,,1,13,85,114,0,3
FING-28385,1353,1353.0,2021,1,1,False,False,False,True,1.0,5.0,63.0,,2020.0,3,0.84,0.86,0.64,0.73,0.52,,1,13,102,114,0,2
FING-21831,1353,1353.0,2021,1,2,False,False,False,True,1.0,1.0,4.0,,2020.0,3,0.86,0.95,0.89,0.75,0.79,,1,13,97,114,0,3
FING-4312,1353,,2015,1,2,False,False,False,False,,,,,,,,,,,,,,,,,,
FING-25160,1353,1353.0,2022,1,2,False,False,False,True,1.0,2.0,53.0,,2020.0,3,0.83,0.88,0.63,0.72,,0.71,1,13,102,88,0,2
FING-23766,1353,1353.0,2022,1,2,False,False,False,True,1.0,2.0,59.0,,2020.0,3,0.85,0.86,0.67,0.72,,0.65,1,13,92,114,0,4
FING-7349,1353,,2022,1,2,False,False,False,True,,,,,,,,,,,,,,,,,,
FING-11142,1353,,2022,1,2,False,False,False,True,,,,,,,,,,,,,,,,,,
FING-11164,1353,,2022,1,2,False,False,False,True,,,,,,,,,,,,,,,,,,
FING-28068,1353,,2022,1,1,False,False,False,True,,,,,,,,,,,,,,,,,,
FING-11129,1353,,2022,1,2,False,False,False,True,,,,,,,,,,,,,,,,,,
FING-28061,1353,,2022,1,2,True,True,True,True,,,,,,,,,,,,,,,,,,
FING-10014,1353,,2022,1,2,False,False,False,True,,,,,,,,,,,,,,,,,,
FING-28244,1353,,2022,1,1,False,False,False,True,,,,,,,,,,,,,,,,,,
FING-11115,1353,,2022,1,2,False,False,False,True,,,,,,,,,,,,,,,,,,
FING-28159,1353,,2022,1,2,False,False,False,True,,,,,,,,,,,,,,,,,,
FING-28124,1353,,2022,1,2,False,False,False,True,,,,,,,,,,,,,,,,,,
FING-28148,1353,,2022,1,2,False,False,False,True,,,,,,,,,,,,,,,,,,
FING-28279,1353,,2022,1,2,False,False,False,True,,,,,,,,,,,,,,,,,,
FING-28121,1353,,2022,1,1,False,False,False,True,,,,,,,,,,,,,,,,,,
FING-28508,1353,,2022,1,2,False,False,False,True,,,,,,,,,,,,,,,,,,
FING-28317,1353,,2022,1,2,False,False,False,True,,,,,,,,,,,,,,,,,,
FING-28062,1353,1353.0,2022,1,1,False,False,False,True,1.0,1.0,8.0,,2013.0,3,0.87,0.9,0.61,0.84,,0.86,1,13,92,114,0,2
FING-676,1353,1353.0,2014,1,2,False,False,False,False,1.0,1.0,16.0,1,2013.0,1,0.84,0.95,0.63,0.64,0.49,0.58,,13,116,114,0,3
FING-681,1353,1353.0,2014,1,2,False,False,False,False,1.0,1.0,6.0,,2013.0,1,0.77,1.0,0.68,0.68,0.62,0.53,,13,102,114,4,3
FING-9885,1353,,2019,2,2,False,False,False,False,,,,,,,,,,,,,,,,,,
FING-9191,1353,,2023,1,2,False,False,False,True,,,,,,,,,,,,,,,,,,
FING-11104,1353,,2023,1,2,False,False,False,True,,,,,,,,,,,,,,,,,,
FING-14037,1353,,2023,1,2,False,False,False,True,,,,,,,,,,,,,,,,,,
FING-14502,1353,,2023,1,2,False,False,False,True,,,,,,,,,,,,,,,,,,
FING-13492,1353,,2023,1,2,False,False,False,True,,,,,,,,,,,,,,,,,,
FING-14058,1353,,2023,1,2,False,False,False,True,,,,,,,,,,,,,,,,,,
FING-14470,1353,,2023,1,2,False,False,False,True,,,,,,,,,,,,,,,,,,
FING-9596,1353,1353.0,2018,1,2,False,False,False,False,1.0,1.0,32.0,,2016.0,1,0.8,0.92,0.6,0.7,,0.69,2,13,80,50,1,4
FING-9592,1353,1353.0,2018,1,2,False,False,False,False,1.0,2.0,45.0,,2016.0,1,0.77,0.81,0.74,0.81,,0.58,0,13,80,114,0,3
FING-13306,1353,1353.0,2020,1,2,False,False,False,True,1.0,1.0,29.0,,2017.0,1,0.8,1.0,0.68,0.6,0.69,,0,13,113,122,0,3
FING-7341,1353,,2023,1,1,False,False,False,True,,,,,,,,,,,,,,,,,,
FING-22478,1353,,2023,1,2,False,False,False,True,,,,,,,,,,,,,,,,,,
FING-13291,1353,,2023,1,2,False,False,False,True,,,,,,,,,,,,,,,,,,
FING-11136,1353,,2023,1,2,False,False,False,True,,,,,,,,,,,,,,,,,,
FING-14436,1353,,2023,1,2,False,False,False,True,,,,,,,,,,,,,,,,,,
FING-11168,1353,,2023,1,2,False,False,False,True,,,,,,,,,,,,,,,,,,
FING-11139,1353,,2023,1,2,False,False,False,True,,,,,,,,,,,,,,,,,,
FING-11083,1353,,2023,1,1,False,False,False,True,,,,,,,,,,,,,,,,,,
FING-11113,1353,,2023,1,2,False,False,False,True,,,,,,,,,,,,,,,,,,
FING-13318,1353,,2022,2,2,False,False,False,True,,,,,,,,,,,,,,,,,,
FING-14332,1353,,2023,1,2,False,False,False,True,,,,,,,,,,,,,,,,,,
FING-13895,1353,,2023,1,2,False,False,False,True,,,,,,,,,,,,,,,,,,
FING-6354,1353,,2023,1,2,False,False,False,True,,,,,,,,,,,,,,,,,,
FING-11165,1353,,2023,1,2,False,False,False,True,,,,,,,,,,,,,,,,,,
FING-11744,1353,,2023,1,2,False,False,False,False,,,,,,,,,,,,,,,,,,
FING-11135,1353,,2023,1,2,False,False,False,True,,,,,,,,,,,,,,,,,,
FING-7306,1353,,2023,1,1,False,False,False,True,,,,,,,,,,,,,,,,,,
FING-1221,1353,,2023,1,2,False,False,False,True,,,,,,,,,,,,,,,,,,
FING-11308,1353,,2023,1,2,False,False,False,True,,,,,,,,,,,,,,,,,,
FING-11116,1353,,2023,1,2,False,False,False,True,,,,,,,,,,,,,,,,,,
FING-4371,1353,,2023,1,2,False,False,False,True,,,,,,,,,,,,,,,,,,
FING-14222,1353,,2023,1,2,False,False,False,True,,,,,,,,,,,,,,,,,,
FING-11123,1353,,2023,1,2,False,False,False,True,,,,,,,,,,,,,,,,,,
FING-11159,1353,,2023,1,2,False,False,False,True,,,,,,,,,,,,,,,,,,
FING-28684,1353,1353.0,2022,1,2,False,False,False,True,1.0,1.0,14.0,,2021.0,3,0.85,0.86,0.83,0.8,0.98,0.73,1,13,79,114,0,2
FING-28771,1353,1353.0,2022,1,2,False,False,False,True,1.0,1.0,39.0,,2021.0,3,0.83,0.88,0.69,0.75,,0.7,1,13,68,114,0,3
FING-28895,1353,1353.0,2022,1,1,False,False,False,True,1.0,3.0,21.0,,2021.0,3,0.86,0.91,0.69,0.75,,0.7,1,13,92,114,0,3
FING-28929,1353,1353.0,2022,1,2,False,False,False,True,1.0,1.0,4.0,,2021.0,6,0.78,0.95,0.46,0.6,0.43,0.51,2,13,102,114,0,4
FING-28944,1353,1353.0,2022,1,2,False,False,False,True,1.0,2.0,44.0,,2021.0,3,0.92,1.0,0.62,0.61,,0.6,1,13,108,114,0,3
FING-29027,1353,1353.0,2022,1,2,False,False,False,True,1.0,3.0,43.0,,2021.0,3,0.86,0.87,0.59,0.76,,0.66,1,13,67,117,0,4
FING-29048,1353,1353.0,2022,1,2,False,False,False,True,1.0,1.0,15.0,,2021.0,3,0.86,0.94,0.58,0.78,,0.72,1,13,91,114,0,3
FING-29107,1353,1353.0,2022,1,2,False,False,False,True,1.0,1.0,4.0,1,2021.0,3,0.94,1.0,0.73,0.76,0.7,0.68,3,13,94,114,4,3
FING-29133,1353,1353.0,2022,1,2,False,False,False,True,1.0,3.0,33.0,,2021.0,3,0.84,0.9,0.74,0.74,,0.64,0,13,92,114,0,3
FING-29152,1353,1353.0,2022,1,2,False,False,False,True,1.0,1.0,6.0,1,2021.0,3,0.93,0.98,0.72,0.77,0.78,0.69,0,13,102,114,0,3
FING-29237,1353,1353.0,2022,1,2,False,False,False,True,1.0,2.0,57.0,,2021.0,3,0.83,0.87,0.62,0.73,,0.7,0,13,105,114,0,3
FING-29296,1353,1353.0,2022,1,2,False,False,False,True,1.0,3.0,28.0,,2021.0,3,0.8,0.82,0.83,0.78,0.71,0.8,1,13,72,114,0,4
FING-29426,1353,1353.0,2022,1,2,False,False,False,True,2.0,2.0,20.0,,2021.0,3,0.86,1.0,0.65,0.71,,0.65,0,13,71,114,0,3
FING-29458,1353,1353.0,2022,1,2,False,False,False,True,2.0,1.0,37.0,,2021.0,3,0.78,0.89,0.66,0.82,,0.61,3,13,90,114,4,3
FING-29459,1353,1353.0,2022,1,2,False,False,False,True,2.0,1.0,32.0,,2021.0,3,0.87,0.91,0.69,0.72,0.63,0.63,0,13,67,114,4,4
FING-1787,1353,1353.0,2014,1,2,False,False,False,False,1.0,1.0,68.0,1,2013.0,1,0.75,0.87,0.58,0.66,0.66,0.63,,13,79,114,0,4
FING-28283,1353,1353.0,2022,1,2,False,False,False,True,1.0,3.0,48.0,,2020.0,3,0.85,0.87,0.68,0.74,0.68,0.63,1,13,106,5,0,3
FING-28451,1353,1353.0,2022,1,2,False,False,False,True,1.0,2.0,34.0,,2021.0,3,0.9,0.93,0.61,0.72,,0.59,2,13,108,114,0,3
FING-28644,1353,1353.0,2022,1,2,False,False,False,True,1.0,,,,2021.0,4,0.67,0.67,0.72,0.77,,0.74,1,13,91,114,0,3
FING-11110,1353,,2022,2,2,False,False,False,True,,,,,,,,,,,,,,,,,,
FING-28375,1353,1353.0,2022,1,2,False,False,False,True,1.0,1.0,60.0,,2020.0,3,0.81,0.94,0.61,0.74,,0.56,3,13,97,114,5,4
FING-28209,1353,1353.0,2022,1,1,False,False,False,True,1.0,,,,2019.0,10,0.7,0.7,0.71,0.74,,0.7,2,13,72,114,0,3
FING-28328,1353,1353.0,2022,1,2,False,False,False,True,1.0,1.0,31.0,,2020.0,3,0.83,0.99,0.65,0.71,,0.64,1,13,67,114,0,3
FING-28348,1353,1353.0,2022,1,2,False,False,False,True,1.0,1.0,27.0,,2021.0,3,0.88,0.93,0.68,0.7,,0.71,1,13,92,114,0,3
FING-28516,1353,1353.0,2022,1,2,False,False,False,True,1.0,1.0,41.0,,2021.0,3,0.8,0.97,0.68,0.7,,0.71,2,13,92,114,5,3
FING-28519,1353,1353.0,2022,1,2,False,False,False,True,1.0,1.0,36.0,,2020.0,3,0.89,0.95,0.69,0.67,0.64,0.63,0,13,92,114,0,4
FING-28578,1353,1353.0,2022,1,2,False,False,False,True,1.0,1.0,4.0,1,2021.0,2,0.93,1.0,0.6,0.59,,0.5,1,13,105,114,0,3
FING-28779,1353,1353.0,2022,1,2,False,False,False,True,1.0,2.0,6.0,1,2021.0,2,0.85,0.91,0.64,0.66,0.6,0.64,3,13,88,114,5,4
FING-28807,1353,1353.0,2022,1,2,False,False,False,True,1.0,2.0,5.0,1,2021.0,2,0.88,0.95,0.56,0.65,,0.6,1,13,112,131,0,3
FING-28832,1353,1353.0,2022,1,1,False,False,False,True,1.0,2.0,54.0,,2021.0,3,0.83,0.87,0.64,0.74,,0.69,1,13,76,114,0,3
FING-29174,1353,1353.0,2022,1,2,False,False,False,True,1.0,3.0,61.0,,2021.0,3,0.79,0.86,0.61,0.76,,0.73,3,13,92,114,5,3
FING-28267,1353,1353.0,2022,1,1,False,False,False,True,1.0,,,,2019.0,10,0.67,0.67,0.69,0.5,,0.62,0,13,95,114,0,3
FING-28465,1353,1353.0,2022,1,1,False,False,False,True,1.0,,,,2020.0,10,0.8,0.85,0.62,0.62,0.5,,,13,67,114,0,4
FING-28493,1353,1353.0,2022,1,2,False,False,False,True,1.0,2.0,8.0,1,2021.0,2,0.85,0.96,0.66,0.62,,0.6,0,13,114,48,0,3
FING-28592,1353,1353.0,2022,1,2,False,False,False,True,1.0,,,,2020.0,4,0.71,0.75,0.66,0.69,,0.57,1,13,92,114,0,3
FING-29442,1353,1353.0,2022,1,1,False,False,False,True,2.0,2.0,3.0,,2021.0,6,0.89,0.94,0.46,0.54,0.5,0.45,3,13,93,114,5,4
FING-11177,1353,,2022,2,1,False,False,False,True,,,,,,,,,,,,,,,,,,
FING-7300,1353,,2022,2,2,False,False,False,True,,,,,,,,,,,,,,,,,,
FING-7316,1353,,2022,2,2,False,False,False,True,,,,,,,,,,,,,,,,,,
FING-7312,1353,,2022,2,2,False,False,False,True,,,,,,,,,,,,,,,,,,
FING-11170,1353,,2022,2,2,False,False,False,True,,,,,,,,,,,,,,,,,,
FING-9160,1353,,2022,2,2,False,False,False,True,,,,,,,,,,,,,,,,,,
FING-9208,1353,,2022,2,2,False,False,False,True,,,,,,,,,,,,,,,,,,
FING-11158,1353,,2022,2,2,False,False,False,True,,,,,,,,,,,,,,,,,,
FING-7307,1353,,2022,2,1,False,False,False,True,,,,,,,,,,,,,,,,,,
FING-11182,1353,,2022,2,2,False,False,False,True,,,,,,,,,,,,,,,,,,
FING-29030,1353,1353.0,2022,1,2,False,False,False,True,1.0,4.0,47.0,,2021.0,3,0.78,0.88,0.78,0.74,0.75,0.67,1,13,80,114,0,3
FING-28953,1353,1353.0,2022,1,2,False,False,False,True,1.0,3.0,23.0,,2021.0,3,0.9,0.97,0.58,0.69,,0.72,1,13,67,114,0,3
FING-27994,1353,1353.0,2022,1,2,False,False,False,True,1.0,1.0,1.0,,2009.0,3,0.82,0.87,0.81,0.97,0.84,0.84,1,13,67,114,0,3
FING-27996,1353,1353.0,2022,1,2,False,False,False,True,1.0,2.0,45.0,,2010.0,3,0.81,0.9,0.65,0.74,,0.72,1,13,112,131,0,3
FING-28186,1353,1353.0,2022,1,1,False,False,False,True,1.0,1.0,7.0,,2018.0,3,0.9,0.94,0.78,0.75,,0.82,0,7,45,56,0,4
FING-28219,1353,1353.0,2022,1,1,False,False,False,True,1.0,1.0,12.0,,2019.0,3,0.9,0.92,0.66,0.77,,0.74,2,13,88,114,0,4
FING-28337,1353,1353.0,2022,1,2,False,False,False,True,1.0,1.0,2.0,,2020.0,3,0.89,0.95,0.85,0.84,0.78,0.79,1,13,75,114,0,3
FING-28494,1353,1353.0,2022,1,2,False,False,False,True,1.0,2.0,26.0,,2021.0,3,0.87,1.0,0.54,0.72,,0.63,1,13,112,131,0,3
FING-28630,1353,1353.0,2022,1,2,False,False,False,True,1.0,1.0,3.0,,2020.0,3,0.9,0.95,0.68,0.85,,0.72,2,13,114,48,0,3
FING-29126,1353,1353.0,2022,1,2,False,False,False,True,1.0,2.0,63.0,,2021.0,3,0.81,0.86,0.75,0.71,,0.7,1,13,109,114,0,3
FING-29332,1353,1353.0,2022,1,2,False,False,False,True,1.0,1.0,18.0,,2021.0,3,0.83,0.83,0.62,0.85,,0.8,1,13,92,114,0,4
FING-11130,1353,,2022,2,2,False,False,False,True,,,,,,,,,,,,,,,,,,
FING-4473,1353,,2022,2,2,False,False,False,True,,,,,,,,,,,,,,,,,,
FING-9171,1353,,2022,2,2,False,False,False,True,,,,,,,,,,,,,,,,,,
FING-11089,1353,,2022,2,2,False,False,False,True,,,,,,,,,,,,,,,,,,
FING-11071,1353,,2022,2,2,False,False,False,True,,,,,,,,,,,,,,,,,,
FING-11151,1353,,2023,1,1,False,False,False,True,,,,,,,,,,,,,,,,,,
FING-28388,1353,1353.0,2022,1,1,False,False,False,True,1.0,,,,2020.0,10,0.74,0.76,0.61,0.69,,0.65,1,13,98,114,0,2
FING-28473,1353,1353.0,2022,1,2,False,False,False,True,1.0,3.0,24.0,,2020.0,3,0.9,1.0,0.64,0.7,0.6,0.56,0,5,12,75,0,3
FING-28919,1353,1353.0,2022,1,2,False,False,False,True,1.0,2.0,29.0,,2021.0,3,0.83,0.92,0.7,0.74,,0.7,1,13,112,131,0,3
FING-22715,1353,,2022,2,2,False,False,False,True,,,,,,,,,,,,,,,,,,
FING-13320,1353,,2022,2,2,False,False,False,True,,,,,,,,,,,,,,,,,,
FING-11154,1353,,2022,2,2,False,False,False,True,,,,,,,,,,,,,,,,,,
FING-9326,1353,,2022,2,2,False,False,False,True,,,,,,,,,,,,,,,,,,
FING-11122,1353,,2022,2,1,False,False,False,True,,,,,,,,,,,,,,,,,,
FING-13323,1353,,2022,2,2,False,False,False,True,,,,,,,,,,,,,,,,,,
FING-28185,1353,1353.0,2022,1,2,False,False,False,True,1.0,1.0,58.0,,2019.0,3,0.83,0.88,0.73,0.69,,0.66,2,13,69,114,0,4
FING-28356,1353,1353.0,2022,1,2,False,False,False,True,1.0,1.0,9.0,,2020.0,3,0.88,0.92,0.86,0.76,,0.73,1,13,105,114,0,3
FING-65482,1353,1353.0,2022,1,2,False,False,False,True,1.0,2.0,5.0,,2021.0,6,0.85,0.94,0.69,0.65,0.58,0.65,2,13,81,114,0,4
FING-65490,1353,1353.0,2022,1,2,False,False,False,True,1.0,1.0,62.0,,2020.0,3,0.83,0.85,0.8,0.7,0.72,0.64,0,13,87,114,0,2
FING-29035,1353,1353.0,2022,1,2,False,False,False,True,1.0,1.0,2.0,1,2021.0,2,0.9,0.97,0.65,0.62,0.74,0.52,1,13,96,120,0,4
FING-65860,1353,1353.0,2022,1,2,False,False,False,True,1.0,1.0,6.0,,2021.0,6,0.85,0.92,0.64,0.5,,0.59,0,13,96,114,5,4
FING-29254,1353,1353.0,2022,1,1,False,False,False,True,1.0,,,,2021.0,10,0.81,0.85,0.6,0.59,0.64,0.52,3,13,69,114,4,4
FING-28253,1353,1353.0,2022,1,2,False,False,False,True,1.0,1.0,25.0,,2019.0,3,0.82,0.9,0.71,0.75,,0.76,1,13,105,114,0,3
FING-13374,1353,,2022,2,2,False,False,False,True,,,,,,,,,,,,,,,,,,
FING-2915,1353,,2022,2,2,False,False,False,True,,,,,,,,,,,,,,,,,,
